id,predicted_price
2591820310,537291.75
7974200820,666751.2
7701450110,1017667.3
9522300010,1321320.4
9510861140,605767.56
1761300310,390682.47
7732410120,682289.75
7010701383,449839.66
291310170,406828.03
4232901990,504021.7
6840701125,609203.8
3971700580,433313.2
4202400078,397981.75
6064800090,421633.8
2626119028,369114.22
3303980660,1062555.1
862000020,450019.72
2386000070,876721.0
1138000450,356177.56
1775800420,457676.22
2291401425,388503.4
2025770560,1253556.5
3525069037,679537.56
9324800450,632458.2
8080400136,470295.88
8651540040,498851.38
9407001790,350971.66
1773101530,309830.97
9432900250,494108.1
1794500695,541240.5
2220069003,439241.06
923000120,517257.16
5728000060,449027.72
16000200,485791.7
1926059094,512465.38
6672900220,779844.0
3629860060,876677.2
1822069109,504889.2
6675500105,381136.84
249000180,1004874.44
226059065,454119.12
396100110,345993.72
9264450460,476226.97
7853361210,401420.3
9474700020,320326.28
421000455,313940.66
3755200220,361072.84
7960100075,393626.0
9477100490,381571.9
9138100350,750625.56
1624049275,406505.94
2770606890,360069.53
1157200189,674481.56
2770601800,388800.56
9301300805,402326.06
2325069032,1166460.2
1021079099,441788.7
7215730040,715397.3
1853200080,527835.8
3224600340,637325.25
3222049120,538258.7
2113700025,401835.0
7893207925,357576.56
3586501085,518703.66
8024200010,482847.12
7116500705,322873.44
1598600209,443309.88
7204200025,1334884.6
4206901505,456213.9
2937300440,726952.06
7205000180,455282.38
8718500665,412371.9
5318101765,735355.06
4122700020,631711.9
8078700020,541127.9
3303980680,986002.9
8924100372,825038.7
2781270210,318118.12
519000043,462368.5
3225069301,1291423.5
151000075,594068.06
2297400020,420309.34
6617500085,655099.44
104510180,369977.25
3528900060,836980.5
3345100286,567023.8
1226039130,512955.12
8712100720,625256.06
3037200010,377476.75
3626039268,452088.47
104510230,373234.88
5112800060,459691.16
6072400280,559688.44
5317100570,790486.9
9528102993,447091.6
2919201095,441586.56
6181400920,401107.22
185000161,427748.62
8691400010,746116.25
3345700165,514997.9
6151800486,328009.97
4340000080,806088.9
4136960010,903157.6
3634100030,447012.88
1624059224,1028594.2
2788400090,431015.25
9828200762,513535.2
7524400250,519214.38
3528000290,718676.6
5700003630,1596547.8
2720069019,421659.94
7227501170,310586.88
2397101270,535356.25
6792100090,630230.0
2770602265,509672.6
3971700937,377118.75
422049203,388206.28
3076500830,313258.0
1423400260,376772.66
9161100795,420328.9
3126049052,448611.16
5100401468,374635.8
514500235,362292.28
1423200170,341696.3
1402100070,571128.0
624110020,815987.6
2407000145,368709.22
1890000225,658261.8
1320069271,408312.3
5490700085,384316.3
263000155,456786.47
3726800201,472993.12
5153200358,465801.22
2725079018,720149.44
7165700200,379313.34
9429000170,481892.25
8718500075,378377.62
1760650950,395649.28
1068000559,930225.2
4113800500,617424.2
4077800507,517924.38
2725069150,781889.3
4008400035,870010.3
7016310270,439330.5
1432701230,343896.03
3278606050,396564.5
2473350710,565113.44
2185000685,313816.3
7792000025,566378.5
6868200029,505944.22
624069003,723780.1
7431500280,758758.25
3296000040,525493.1
1118001215,856935.4
6453900040,753172.75
333100209,608512.3
34001765,579477.3
8946700100,629515.56
5561401210,777882.44
6671900095,395536.8
3275850020,631183.8
3876300600,394813.9
1450900020,368161.88
8562780280,348942.12
7663700973,390010.66
2126049032,400545.12
1823059159,326735.25
3438503426,355458.3
9297301495,524368.2
7140700850,517014.3
7942601805,620402.56
2555900030,420457.75
2887970040,449905.06
7419700010,535693.5
2239000011,399679.84
9283800050,443303.06
9407001340,340402.97
217500140,678155.0
7212660520,358812.97
3298201170,317971.47
3057000400,362898.34
6865200444,430592.47
6071600340,493200.78
6821600005,599308.44
1235100371,670039.7
7796450340,547089.8
3603000410,338973.78
9297300255,505841.3
9126100850,412631.22
2770601462,424770.78
2599001500,388838.56
1102000095,725523.4
1853080640,947488.56
9551201585,881802.7
3438500796,327215.66
7518504291,479829.1
9269200340,446595.12
715010130,1364110.1
1982201485,472451.84
9526500080,408078.47
9277200180,403374.3
6669150280,425826.5
8917100153,537969.7
3760500516,989794.4
2725069050,876380.8
3332000091,384213.2
8562770080,537168.5
8151601190,361919.34
8563040160,565327.5
240000269,1010440.3
4307350200,398386.25
1311910300,430466.28
3574900030,483918.78
7853230570,438256.28
320069049,391210.56
9839301060,649362.7
7011201333,574974.4
2781320100,386024.25
3421069120,512695.78
7852030320,480747.34
5316101075,1283832.0
5309100750,452408.3
629000730,469233.12
511700170,439568.6
1562100030,495796.1
2489200230,646153.5
524069116,434914.22
5315100737,829420.06
1868900675,765331.7
1608000120,528801.44
705700240,424600.47
7575600610,417643.72
1778500015,628067.0
5423500240,346665.25
6713700025,393365.2
2734100734,379958.5
301402280,335875.75
2113700205,366280.78
4114601570,1835759.9
3332000615,426072.78
3630050180,396206.1
6852700520,431928.8
6870310010,552142.7
6163900981,416576.06
393000142,485126.5
1771100130,361743.62
1442860160,552979.0
9191200435,504590.16
6788200800,707183.5
1115300070,756021.2
3176600105,592141.6
2770604665,462387.1
5469500580,686580.2
5680000545,418509.72
3424089119,535626.7
1328300180,493511.88
1773100922,438188.6
4123830480,450854.4
9808610190,802021.06
4250200140,409747.16
4217402115,2061278.8
3831250350,550611.4
2397101055,751623.6
6817850110,881539.2
7526800200,555492.1
7853370100,718450.06
2523089025,906435.0
9476200680,373275.47
5714200140,646737.75
3575304895,486702.88
263000018,460750.9
8080400177,414283.03
6450304130,373202.88
514500090,440608.84
9477000300,408180.22
853600310,1242874.8
1951600240,363806.16
1099900120,438598.75
5323100120,493223.53
1223089016,395195.97
522059172,391427.0
1930300190,650106.4
9542840410,379969.03
8665050530,437119.53
5592900205,523433.2
5450300010,425316.28
2459960030,411073.12
3331500455,550228.2
3432500705,414745.8
3702900165,361991.66
5249803550,564981.9
626049058,460442.38
1788900380,318365.1
8075400360,378808.25
9113200250,672978.4
2738640040,694123.9
7821200307,418555.88
3530440140,443701.1
3582700130,450840.16
9276200569,598727.2
7197800020,505874.7
686200490,485467.38
3501600100,366453.03
6383000690,527758.94
7604400150,370718.0
5249801411,782370.8
2607720420,504422.7
9561100010,440887.94
1796370590,368150.22
4077800593,410275.97
854000165,400393.12
5536100010,408977.7
4188000670,786694.5
31000165,1091852.4
662350050,832510.2
4137000280,462787.56
6169901130,914979.56
1953400510,393600.97
7518506716,808859.3
1552520010,370256.62
7955080270,430962.47
9212900100,453491.88
3438500798,327074.62
7899800890,337442.72
4319200605,447084.75
1329300480,508631.62
8935100100,644836.4
5016001260,364090.22
4337600280,433789.3
1446401220,353271.53
7135521530,648675.1
6888900115,389542.75
2413301070,470193.44
345700040,361285.8
5566100145,370526.9
7634800070,451349.3
9346910500,595000.9
3529300060,458783.94
8128600060,1051148.6
8572900275,311744.4
4139420590,1352201.4
9274200322,543681.25
1472700200,465885.94
8820903380,487488.38
8563010130,679004.94
8965450110,728603.25
9274204230,418338.56
8165501700,450056.53
2193340260,444688.88
1860600290,745863.1
1222000055,364072.06
2492200280,432231.47
2488200455,444275.34
809001520,702829.06
1796361140,368935.12
6398000011,906011.8
6813600365,500166.84
7504100920,885141.7
8835770330,735438.8
524059322,538270.8
4307330280,458267.0
1245002952,743429.9
2021069059,359957.3
5700000595,622376.44
3629970930,690733.06
3336002215,403678.4
5100401060,565396.5
3278600750,422148.97
1126069045,1115484.0
7568700175,392955.34
452001475,491629.06
9283800230,702627.6
1737300130,650380.5
6189600040,390339.5
3679400025,545417.06
1096100010,404858.9
9513900050,352102.9
5452800645,584855.2
273800100,386298.7
7228500037,415081.94
808300090,461848.22
2493200215,617417.5
5035300255,566413.8
3380900160,415933.44
3630000130,398263.84
7300400670,486786.12
6798100070,393451.34
8078400010,490624.6
5566100060,384128.66
2768200212,422836.84
4035900060,558079.94
9460000110,528493.1
7199320190,456627.75
2225039081,391424.3
9512200050,829290.9
2634500085,397767.47
3654800200,387106.97
2724079090,1136107.6
2597520720,673320.75
3034200426,443996.38
984000130,416681.8
7852020670,479576.53
7923500060,678574.5
2310030510,405608.06
2205500540,394813.84
2493200015,439230.06
7853361420,577267.2
5652600605,465194.66
5285200020,456100.22
9406530150,481013.84
5706300020,408639.12
3278602490,503869.84
7197000100,486714.06
4447300008,490997.47
7899800045,331224.3
9250900095,437659.9
9268851740,502114.88
8682261440,434143.47
7284900385,922508.9
8079040300,490137.47
2225300585,422310.75
3223039013,612648.4
2013801350,372975.72
4055701110,771354.56
3578401770,451344.4
4046500720,538611.5
6145601745,401248.25
5207200195,487016.3
1972201856,548025.3
7212680080,380878.75
7277100510,637829.0
522079022,609862.94
5605000440,693460.3
6632300230,428056.72
8815400165,460055.9
6708200320,693395.94
2426059076,572641.9
3260200200,390148.66
2770601741,415753.78
4338800500,359975.47
9201000320,725995.7
7655900038,424336.03
3625059140,463850.53
4222310010,330007.0
2114700115,442306.72
3291800710,420341.94
9406590010,604022.7
3025059124,1337512.5
7972601250,485217.6
930000470,867707.94
6690500060,485165.9
16000015,299897.38
5693501102,476546.1
8079040490,512851.72
7225000155,434565.47
8819900170,704107.0
7972601270,432901.25
1224069074,789742.06
5126900321,408025.6
3438501860,370278.5
2822069080,512185.94
1656600310,624148.6
3856900507,915415.9
1626069139,448647.75
2524049257,944000.3
3904960150,478715.56
7214820610,478671.4
7977201845,491462.66
2428100080,772796.9
2202500135,361790.9
1523550220,602650.0
2313900610,392230.16
4123840050,516663.7
2125059124,830953.56
1225039067,422175.12
6431500283,448238.06
2473380010,410748.2
5694501195,460427.7
2881700046,414461.25
6837820330,508857.7
2337300370,356214.38
3876540630,351845.75
626059317,385100.03
3374500520,571993.56
7228501903,407621.1
4019300051,554457.2
4232902615,613732.8
3546000090,382891.78
8127700215,715040.4
3438501100,479587.25
1769600066,717464.06
8146100610,365365.97
3052700695,420683.28
7954310210,659389.7
3761700053,1709221.0
1320069179,419802.94
1331900410,775816.7
7303100210,385332.0
2464400285,413046.94
6163901150,393109.16
8955800045,616009.7
2314300200,540739.8
9528104360,370556.88
4177100005,573487.2
8856960260,396616.3
1828001220,591740.0
3066400710,755749.44
624110610,980942.7
4040800260,347236.5
5019500215,514255.94
2481630180,1055777.9
7203170190,524604.8
510001280,803101.0
9430110120,653937.7
1565950030,461395.12
9828202255,750287.4
3878900270,696385.6
8091600080,295080.84
1112000035,398513.94
2228900270,372342.53
6648701740,454058.06
1245003740,437034.4
2174503441,379136.03
7708250010,461024.53
6072300110,540914.44
2329800140,373873.66
1494300040,454210.56
3832050130,398370.16
7203100730,813879.06
7199330170,405815.16
7785000220,520413.0
1250201175,447687.66
4054500180,1013346.06
7905200061,431889.75
3751604895,329719.03
5220300140,327128.53
3323059027,442281.88
8651611980,856114.4
8673400190,475461.66
1668500100,794123.75
1023059365,617062.44
3308030060,538946.06
4232400860,777917.44
2144800615,378767.56
1568100920,1206173.8
9406510040,621599.25
2923049421,520609.7
1051000040,800928.44
2077700042,476628.56
9423800030,331887.34
9818700455,757089.8
7133300675,403175.03
4113800550,608309.4
5553300375,1170344.0
2025701530,381105.0
7942601155,491184.5
7524300020,459194.28
2520069100,415158.75
5412300410,330517.06
7504110760,820581.1
2594200350,437365.97
2722059013,371152.72
8078430480,484857.03
1423069162,465559.44
8856001090,325100.84
7000100631,561446.8
4222200280,372796.03
7971300050,466003.47
2009001600,391832.5
6619910140,616104.44
2877100985,473851.7
1196000007,548513.44
1330850130,758511.4
6664900410,394650.44
1231001110,387094.47
9235900030,389946.34
9407101840,393470.3
9523103001,390724.5
2149800278,578978.44
7234601198,598214.75
9476700035,546379.0
9297301065,702803.1
518500700,705928.3
7843500090,456575.0
6056110780,404017.12
2345700260,531595.2
3509600070,392445.22
1431700280,474766.12
1623049174,406245.38
3024089049,374748.4
7853340450,446848.97
7732410360,677944.3
1446800995,448125.75
2946000285,387935.75
425079100,449685.3
3876313040,443180.6
1762600260,846446.9
1925069121,986174.44
7443000480,784870.75
7820000015,381466.7
4027701253,482218.25
2826049165,403672.44
5426300060,560123.8
1278000210,296644.03
923000270,396768.0
7657600005,360817.16
3024079057,386451.22
3276180020,402503.22
7304300760,338853.28
3908100020,388695.75
8835400805,671278.1
4051150070,344195.62
3904930530,428119.84
6163900971,441675.03
7942600310,455213.12
4365700330,354726.34
423059207,368361.1
3992700265,346925.4
7177300090,450127.72
2540820010,523366.0
5700002510,918476.9
5201000030,502585.12
7631800015,1825030.5
2922702965,642218.4
1525059198,854745.44
1245003160,640251.44
3810000455,437411.06
7855600080,541035.3
5701500030,1001076.6
7504020400,612492.2
1402600570,451530.47
7575610760,414700.2
8731990370,706375.8
5021900090,582675.0
290000075,452709.56
2841500010,492700.56
3955900830,556996.2
7852110140,528057.4
1311400350,404486.28
7773800015,660073.94
4123400320,460034.56
2725069157,768935.8
666000143,592632.1
5101408678,507396.94
6371000026,404246.16
2024059084,584340.0
7283900036,450707.53
8881900230,645328.5
3959400135,489565.22
7696610270,363529.5
1689400150,760524.6
5103900015,456048.12
1441000350,658765.44
5101408735,372343.28
3126059027,1364082.4
2320069014,706333.25
9541600015,526315.0
8682320420,527447.6
1562200090,537488.06
3395070980,596873.44
7349600230,368946.22
522049122,418007.2
869700060,400364.8
811000055,957291.44
1221059176,433853.72
1523059103,631983.3
2025760210,984479.6
9218400088,507695.38
8682292020,414672.2
2623089135,449805.34
3758900259,910538.2
524069049,553347.6
3121500150,739651.94
5581400080,787355.0
8087800020,385570.56
4070700290,553177.1
3296000170,614497.0
9238500040,522072.56
2744600040,410550.56
6813600380,609286.0
6140100150,437953.62
2201500555,389785.25
2600110250,530084.6
4337000275,344770.3
1186000150,416369.53
1972201963,452583.0
1105000745,514128.2
2887700560,486661.25
4039700080,576797.5
522049104,426535.75
4202400078,397981.75
7520000695,372072.03
7714000310,546689.25
4319200060,759160.5
8624700015,714018.56
5104520610,392787.97
2354300845,372173.0
3824100291,490863.1
6151800612,313852.88
5454200080,709949.94
6413600290,409484.47
2131200065,331683.06
1459920010,380331.28
50300090,573678.1
2326300090,474642.72
7714000070,545128.75
3630180500,991063.94
1727850340,967595.8
8691430330,924814.0
2310030390,387464.62
5561400610,643502.2
7010701016,427671.3
7883605915,467157.75
1282300995,379937.16
4040700310,410131.03
3353400435,343393.88
2143701015,643661.2
255450020,510193.84
1020069017,784189.7
4038200120,447785.34
9284801100,362003.28
1965200075,479291.72
847100047,588968.7
4038700720,429180.53
6815100085,594260.2
2508000020,322899.03
255520180,817738.94
6822100750,455772.75
869700050,413609.9
1775801405,493658.38
6600400090,382099.56
7202330270,373013.62
1683400165,943883.9
2625069070,878936.3
7625702440,436396.78
3388000640,370754.0
1899400365,348793.53
6899990200,934786.2
5569700020,797231.75
986000045,460598.53
3293700221,387425.84
3764800250,348505.34
2291400566,371099.7
4219401236,950422.44
4239400840,322151.6
7211400990,366822.44
7696500280,341983.6
7215721070,444154.6
3204850140,511589.3
4322200220,770025.25
2566300100,630331.9
1944900090,338119.1
6648500390,482400.62
7385300020,664687.94
1704900135,437271.6
2877100655,594803.3
2726079098,623800.6
7625703800,410445.47
318300040,844462.56
7922800190,444702.8
2023049361,404535.53
8946400210,506950.3
6071600450,514744.8
4343800100,439495.62
1443300140,468172.44
1024039001,862358.0
2767704860,464466.28
7234600851,671907.44
644200065,607119.3
7784400035,760612.25
3826000560,395365.66
9272202260,583009.6
263000253,456434.6
3621059043,611289.75
240000130,718420.25
1352300120,348455.8
7849200861,331295.84
2487700130,509055.78
1796100140,378446.75
7234601221,597652.2
8651710190,445009.75
2916200091,472425.25
1232000915,419525.78
1545801970,438971.56
3211200420,341199.5
7686204675,328214.56
3141600210,326939.5
3959401284,553006.06
2113700825,359752.0
3876000710,389706.03
522069022,451609.5
3214200070,397356.1
1221039156,496184.7
259600790,365153.8
785000040,378848.4
8138870470,429559.66
2596300035,412627.88
540100057,979079.9
3073500045,766795.56
5363200266,378155.16
8682261650,435296.1
3224510080,803049.3
3211270160,605932.1
9269200520,328137.47
293810190,522509.94
4197400043,439349.97
3026079031,331498.7
5332200405,768233.9
2473411210,446267.06
9268200315,546927.9
8123500050,526060.56
3221069091,533864.3
2485000165,610269.75
4058800215,895965.25
1926059039,690905.25
2533300680,832524.5
3343903640,521024.4
5700003705,937674.44
2023049372,577547.25
4058800830,822768.6
3333002302,468785.8
2944500340,496121.34
1982200790,409768.6
8929000270,458132.25
8122101440,379166.9
7525530470,810108.8
9332800020,490675.7
3878900525,443038.25
5420300210,362616.8
9232900165,360159.94
6414100026,449910.16
3013300660,764398.44
7954300120,614706.06
1081200360,487705.38
2877102345,445015.4
2202500255,393170.34
7984400050,380736.1
9558020380,643910.3
7812801850,363131.53
8944460020,604181.9
2306400040,490684.47
8649400410,389716.97
7889602020,365814.38
2041000025,426903.56
871001484,458904.8
2767602141,415013.97
3630180470,747207.75
2769602140,391663.84
2473250280,436024.1
5422560660,484125.4
3756600240,352002.5
8651600160,607724.6
7202300540,791198.94
8961950250,696151.94
3303000130,501141.16
798000062,426072.8
1695900150,767905.8
1604730150,556556.9
4136930310,599482.6
8835401250,1190874.8
8665900328,438173.56
9262800255,393853.62
1853080570,716289.3
5556300114,704619.6
9517200290,449873.1
4037200295,393854.5
7417100123,427662.0
2620069077,334291.5
7922720040,580765.25
558100090,496201.34
257000037,476229.03
3319500385,400357.47
9297301520,364998.12
3580900090,371421.03
1321039076,305256.06
7227801581,369749.34
9407001620,371091.4
2130400150,345931.84
2312400200,372548.5
4046700210,364705.2
1193000480,809208.44
1492800296,442664.78
3013300017,419252.5
3630240140,586098.75
1049010390,369474.97
9320900420,300118.4
4315700060,400436.44
2591010290,354041.06
323089085,546221.44
6600400270,337937.66
2919701105,435826.88
7202360670,837591.56
8927600100,638719.6
3211700045,525662.4
4027701326,520507.34
1601600195,387033.12
7853280350,1020208.2
3629970130,641065.06
7203120020,751588.0
9542900190,368933.06
8035350120,571336.6
1238501184,755907.8
251200240,475531.94
8945300200,319084.3
2162000160,860241.06
5466310060,379192.1
1239400064,641425.5
5205000020,510952.9
1720800305,708499.06
7280300375,616041.25
2095800400,476086.44
7852010950,530757.44
1428001160,477912.44
9528104910,515926.25
8644210470,970082.1
7923300310,402340.84
254000100,761208.4
1931300688,445552.97
7007700030,408688.03
422049178,356399.44
422069067,380699.5
2923049393,547242.6
930000305,442057.3
2461900448,493302.7
2610100020,349213.0
2895550050,365078.6
7701700040,384061.62
2460900020,528241.3
9827700105,674128.8
1005000240,370052.75
7200001254,464331.84
866400040,479099.75
305000170,625859.7
2260800110,838655.56
3442000127,611748.25
5253300437,470761.84
7576700150,791466.94
5469501410,852710.06
5104531120,918401.56
723049434,403434.03
622069006,1355108.0
2517101200,402388.5
8159620160,373786.06
5561300640,504004.72
3317010130,341956.75
4364200250,363391.1
8732300060,586486.6
5603700025,617766.3
3585900190,905410.94
3996900575,350081.03
8731801260,386390.03
3810000860,506424.28
5700003585,1558913.1
6332000050,535773.1
9286100250,424670.6
9471201110,766594.56
9290800050,661047.0
7300200400,558714.0
526069024,898345.4
1454600156,956066.0
3904980360,451639.28
2626119062,327408.22
8651730290,417228.72
7611200195,609767.25
1919800260,602597.6
6632900354,356826.9
3972900195,374891.53
5151600170,571193.7
7016000440,462368.94
871000435,617909.6
9578060540,492460.56
2332700060,662122.25
766000240,421758.47
4363700200,345363.47
7100000250,412696.44
2781250560,320504.62
2781250100,468068.16
5419800220,379289.5
7147600245,406368.56
2926069083,927253.94
6189200125,657125.25
9542830160,368827.6
5152200020,473281.25
9412900045,571078.75
6600410480,317945.7
6979970080,620069.75
5636010280,376406.44
1732801300,625541.8
5561401530,703828.94
9578500510,530563.9
7304300906,360897.88
1223089077,565489.5
721049207,401879.94
8691330310,864876.5
1523069204,400446.72
3188100105,487294.8
6608500290,381482.62
2891400410,409968.6
7663700551,355168.16
5413200140,370854.62
425069139,551260.0
6713700155,410994.94
2767603505,415285.53
7789000080,338246.4
9211500620,397651.8
3750604417,345590.25
7922800320,445552.88
1471620240,419433.25
2222059052,454609.9
9551200270,1005655.5
2767603160,449081.6
9406710060,477796.66
8929000250,397257.7
5538300120,442649.3
2223069120,483061.06
1652500060,968988.94
8564500240,419817.25
3629700120,521114.88
3943600070,517033.66
4171200025,449212.47
2425049063,1791718.0
9828701650,356026.66
3581000340,368992.38
8100900015,506585.03
2125059161,991706.9
304000380,346243.5
8146200070,836322.5
686530170,508426.0
2917200645,398589.72
9547200530,690171.2
2122059199,745169.1
1150000740,742833.56
5706200060,369939.94
9265410010,357701.72
4083800555,452635.3
6152900332,352182.28
2520900301,388898.38
9828200790,391015.0
1657530180,391485.0
7471900045,417907.84
9828200460,425721.47
1775900140,487412.75
6139800430,497615.25
7214400005,430281.72
5332200026,443749.72
9510970300,690664.0
2540830020,375842.4
3392100140,325368.28
1326069191,386802.34
2125059112,798715.06
859000022,469407.03
8854100350,663914.56
121059007,291222.03
7977201707,407767.38
3859900060,1466253.9
8815400735,662674.44
705700530,418725.53
6600780130,616622.0
6378500105,461643.4
8143000310,441246.06
2877102330,487390.53
3526039074,551352.3
2115510300,408564.78
3024059014,1654280.9
2141330360,491386.62
546000400,439120.1
2071500011,499248.25
7972000240,378883.5
7016200460,430163.3
6204200180,403826.84
1552100135,707912.5
88000173,455914.6
2581900235,727885.2
9211500560,392977.25
621069218,506613.12
1321970240,481055.72
798000630,434744.12
421000285,320272.62
2824600180,812834.9
3832051140,449321.3
1237500105,533245.06
8802400906,369925.25
3166900270,563085.4
3682000060,548734.94
5469700020,384851.84
1245001820,464674.9
9547205660,545186.8
7974700122,576535.7
7550801225,480558.47
1099950050,929402.5
1402900460,553276.56
7636800041,1621392.0
2115720270,429001.78
8651441750,311256.8
3904100035,400263.8
8815400020,438946.7
3303860590,647892.06
5427110040,649264.9
1782000160,401698.8
6204420290,500513.22
3995700245,353170.7
7955040130,383212.8
1442880650,545722.94
8833510230,933176.2
7283900551,646789.25
4396000180,355230.34
7504021310,689788.4
322059264,519198.3
3654800040,379681.62
2767704777,426463.5
3278602190,463691.38
3236500220,424979.3
3410600100,419883.4
629410180,682281.1
3352402250,359363.84
4363700304,404758.6
7237550130,1073716.0
9808590210,897752.7
8074200175,375281.6
3463400330,503941.38
6306400140,624010.2
8564950250,535596.44
5381000070,397324.1
9826700697,486633.72
8132700190,397547.5
7943000020,334118.56
9547204675,546426.1
4112100101,506624.22
727500030,383157.97
114101426,370863.72
9274202005,678945.9
1193000380,709445.7
3039000020,399240.94
7852170130,712011.2
2624079010,485905.62
4137010540,506568.25
7576200012,761000.0
1138020020,359536.16
3969300030,335182.6
898000200,361525.9
5153100030,441525.56
5104532030,763922.56
4406000050,351805.22
9274203390,568795.94
8682290360,410294.03
6928600330,435197.47
4139680070,757781.56
6844702690,411489.72
2154970020,1210145.5
4385701285,843785.44
2426059071,587604.4
2867300160,941195.56
9512500720,430678.9
1773101020,355062.12
8687800100,423986.16
3627800050,1254215.5
1604600227,396295.25
3300701170,394115.2
9250900111,521356.6
7015200790,475760.84
1311100490,410261.2
2469000010,711478.8
1982201596,434874.06
1862700290,512485.38
2586800270,373218.75
9528102772,462279.56
5490210200,399447.03
6669080020,457709.44
179003055,375330.2
1860600535,859641.2
1592000130,612001.75
3905040170,453738.62
9320500080,445533.62
9276200850,483635.44
224069114,493471.47
2260000340,543246.56
5096300130,422612.94
3432500215,411916.4
2600000050,673752.25
8856003839,341319.84
2492200435,434595.38
7855900110,969259.0
6806100250,406586.44
2770603523,437374.12
1370800515,1190683.4
2726049150,447824.1
1226059161,514432.25
1068000375,1950242.1
9528104109,393531.16
5126310060,562417.56
1951820070,492240.16
1545805980,493868.84
9464700340,840732.3
4319200675,725199.06
7518500885,432830.9
7852020620,491558.88
869700370,427703.3
8643000190,434982.5
8902000267,456978.84
7972602435,386041.38
2050100210,844864.3
6705120540,462678.97
2767601390,583898.6
4141000490,963110.44
9345400350,797860.94
3222079162,386654.47
7789000120,362938.66
6646200770,687532.0
6666800180,602094.3
1725800280,508019.72
6117500460,1320577.0
5470100220,379280.9
5457300478,438643.66
7550800195,435162.66
7787050180,696425.75
6204430250,563944.75
7640400250,499738.9
624110920,826776.5
3629920140,357627.97
7173700518,551301.1
3210200395,365017.38
2473480560,527369.06
2623089141,463101.66
1423800080,354550.12
2076400050,417387.2
3832060120,415688.25
7702600930,536664.9
5101404555,405130.94
3723800415,444495.44
3356403400,378283.47
9214400125,414832.7
1797500530,501103.06
9551201660,947427.7
3878900815,474650.88
1760650280,410865.0
5466410030,352769.84
6388930620,590879.4
2331300395,725666.4
9412700160,417896.44
871001611,451187.34
3142600120,525930.1
3995700220,406526.3
2310000280,385897.28
8039900400,503225.94
7504021510,693595.44
1959700445,1100831.6
1556200155,640132.7
3629960590,404855.06
259000240,530480.94
662440020,577294.06
3123049142,677676.6
321100260,756042.2
6840701095,502514.12
3738900165,459697.75
4427100130,399865.25
9238500100,452470.3
6145601810,402367.0
2570300090,378555.25
4017600010,545341.7
1005000220,517925.47
1257202120,464024.16
9527000490,477925.8
8691400080,696803.94
1726069084,491023.62
248000240,358699.62
6113400046,475592.47
2130702350,418114.97
920069052,335164.2
6071300160,559980.5
1623049041,312800.56
9268200285,393406.03
1843100520,545523.8
2887700826,615003.94
9122000385,618557.3
9475700220,410804.97
2804600005,670219.8
2896400300,383500.97
5015000180,699681.9
3630220180,781888.2
8832900780,502206.4
1568100300,625175.25
8718500610,425226.97
4147200140,915261.3
1973700030,789036.25
8862000075,349639.16
9320990110,416259.88
1151100035,443027.84
2011000010,367762.53
1651500060,617114.06
446000190,689170.9
2344300220,765824.25
523049195,392541.84
9191200015,565287.6
7942601410,796682.25
7137800300,349140.2
7853300280,501785.22
6654700240,490154.66
569000050,537634.44
3584000180,351263.25
2026079055,365773.34
8898700880,395590.3
5075400150,559458.9
8731981360,657023.4
4222500020,384933.06
7996720050,653938.9
4077800094,577917.56
6446200365,586359.3
2824089053,415054.5
1311800220,355836.53
3522049063,814844.0
1721801280,367433.94
6131600240,326108.78
7202310040,465341.75
1123059125,637091.8
646910160,369096.28
5630500005,412183.6
3342100785,358233.7
9547205610,569819.25
1773100123,353533.44
3353400092,430821.34
217500015,444205.16
3649100031,410656.06
7896300150,430396.75
623049185,363302.88
1773100430,418054.4
1781500220,748590.6
3395380200,410130.28
2424059170,1723227.1
4389200765,824088.44
1543000060,659846.56
6154900005,511782.47
2902200240,406255.72
1442880640,555810.75
8562770490,486641.44
2768300655,502652.0
3432501315,383387.47
5035300570,642120.44
3626039028,402916.6
3876540780,373132.0
327000100,825682.4
7551300065,428900.28
1312920060,365306.75
2215901230,360034.6
6306800010,584720.2
2767700022,407632.38
5589900610,469378.06
4320200020,756968.75
5249804655,601462.3
9238500480,538374.0
3885806565,789739.5
7905200205,447552.56
5727500102,412803.97
3585220070,374256.8
2078500210,537638.1
1839920050,370386.53
534000080,349931.6
856000255,436700.28
4141010110,1182816.5
9558040820,969910.3
7768700315,678750.2
2796100640,418821.28
1922059010,442072.47
3448000542,377186.78
3883100220,410871.0
7237301210,393373.9
3893100456,878447.2
9578501110,537756.4
6145601995,402249.84
4024100120,377023.84
8899000050,465451.03
3396820010,510357.78
6749700117,428528.8
1954400060,467303.7
3303970100,674188.25
2540850070,404403.75
3797000745,498772.03
7883603700,404627.6
3438501452,431055.84
3530210260,672753.2
3598600049,368872.2
731500170,501625.66
7129304375,341482.6
263000006,460754.94
7212660560,487191.72
1112700010,385662.38
3420069060,762278.2
2473000470,609845.6
8691390980,699857.6
6184700100,442592.4
4476400275,464597.47
2968801240,369129.22
1529300160,407865.4
7640400070,656950.3
7016100380,468011.16
2172000890,538445.7
4035900015,669827.7
9528104660,759009.5
507100005,445898.7
2783100160,436272.38
3629921140,784216.75
1099750610,390752.94
1330300451,708978.2
2757000030,677007.6
2114700190,398355.9
2050000020,845376.4
3832500790,451656.4
2612000390,487318.0
1483300430,360904.44
8899200720,396954.66
9183700470,530777.2
3530490031,431149.72
7857001225,443761.47
7920100083,364835.75
2254501620,504357.9
3303000130,501141.16
3876200070,409172.72
369000365,340927.66
3052700385,565476.44
7856550240,654333.06
7300410110,609154.44
7201800300,387994.8
1695900060,469208.16
9429500146,774602.06
3629910240,594696.0
8805400090,299555.25
1022069050,335264.2
1138010530,366754.78
7877400266,292702.53
7974200452,773216.1
2126049265,500495.94
9547204350,595287.25
5560000680,325439.56
3793500550,400978.88
4217401195,717900.6
1826049408,428203.5
3905100210,422197.3
7695370160,785503.56
3210400060,406707.56
6146600170,279573.84
2767601750,415882.9
1773100926,451853.62
5700002125,565956.4
1951100100,364635.22
1402200340,485270.9
8044200200,370613.4
66000070,333142.56
5083100065,379040.22
4027701284,398288.0
5693501100,476760.84
3600072,497944.78
8078550250,450725.28
1922059046,426368.44
2902200016,469290.75
9183700845,309454.1
3333001997,394422.44
1432400525,333329.8
2824059128,462690.34
6453550090,838493.2
6202600070,1005804.7
7524100280,397574.78
3524039224,767133.25
5739601300,377430.78
2473000410,605587.94
421059018,387541.7
4232901120,629440.4
5559600140,360345.22
3797310150,389387.7
7986400265,773980.75
3025300095,1180935.4
7524950830,502271.25
9407100730,354491.53
3812400854,466267.8
6002400030,524859.7
2212200090,401750.94
7202330610,411292.38
7300400170,525704.56
8965000110,394400.78
3996900125,401186.56
2221000100,407865.75
1524079088,359198.78
1133000036,432227.06
1868901190,510701.44
4037200530,407100.72
2095500120,489159.03
1995200338,680191.94
8820902350,801262.3
7459810210,519519.72
9536600010,848076.06
8085400586,807814.1
7518503065,390504.9
8682320350,463473.34
3179100790,599320.25
9828702666,381687.03
6713700250,565500.3
2141330700,576025.4
7519001990,393625.2
3223069019,388512.3
7994700030,363091.1
2592300450,437008.62
2792000010,571187.7
173000025,367978.84
7203150330,512473.12
3305100210,688542.06
2581300055,788472.6
6613000750,1020201.5
7015200685,558635.3
1323089184,431835.25
3793500510,521757.34
2225079030,299179.28
3578400710,407037.72
8100000090,358069.2
2095500040,478818.53
8682281710,553370.25
6163901380,341471.6
6918720080,534518.9
6914700130,476728.12
1205000215,424093.88
3800008,416222.53
6150200180,382927.7
1223089066,745742.1
7768800290,738869.2
9285800330,829921.9
1974300020,512177.6
7628700050,702987.3
9376301800,673768.7
8651430220,293871.78
629810350,838949.0
5016002180,869088.44
9558010230,449563.25
8732000390,364868.88
7899800586,473207.84
5249802460,446526.62
1446300020,622553.3
7785380150,536286.1
1245500950,562045.0
3362400640,548841.7
7578200310,769301.2
4137020910,504450.75
11520640,685036.0
7972601995,366553.97
8122100160,458996.16
9456200450,416263.66
1328320760,491729.94
4025300285,380598.56
2721600125,757350.06
1123049027,366082.2
3542300060,331737.66
291310340,551771.4
8651720420,418771.22
3298200790,324354.9
4037200585,376937.25
1329000090,1120030.4
9279700013,864339.94
4151800265,339927.8
7760400210,348762.53
5029450110,364774.22
9492500160,657657.1
3578400270,423583.44
7606200090,365396.9
3682000050,477243.97
1250200415,363568.62
629811600,629464.8
1839500115,457212.12
1176001293,1205455.1
3013300409,445942.0
7853280370,1021489.8
3275780030,533371.5
3336001946,389015.4
5456000110,610017.94
2473250400,397515.9
5393601635,509252.8
8820902905,370398.34
1245001659,568670.06
1523069215,410414.6
930000234,479394.22
4083301645,568024.1
4055700778,653782.75
2781230080,651013.06
3629910210,591015.7
7856700060,601954.25
7589700055,410071.2
3888100043,319046.97
6381501636,390475.88
3303951150,518277.88
8638500170,458198.84
5635100050,589954.7
8820901792,804121.0
5456000025,861564.56
985001275,372444.6
9560500105,588528.9
1421069117,326640.88
4154300296,388502.3
795000620,321023.66
9828702335,411169.78
1250202145,860953.25
1163400070,380994.6
5652600065,564329.2
1042700050,683075.2
8899210320,517568.38
1651800030,939975.1
2919201365,824201.1
4365200895,420847.72
6841700100,961410.25
7376300060,385744.97
7852090180,570081.06
9222400565,579905.2
9542400075,735381.2
7338000150,307416.56
4322500110,575972.2
7694200070,498818.2
9321010130,407209.56
3204300455,948554.2
6706000040,432556.28
1565930130,729408.56
3279000420,370754.78
194000575,523469.03
2115510160,414023.75
7522500005,465163.12
3787000140,462934.8
7852110690,655673.0
5469700260,485550.22
8691410730,668089.4
114100763,346020.12
1257202430,731739.6
7000100635,363669.62
1900000195,363918.38
251500330,1037037.3
7701960210,898744.25
4037000065,387067.53
522059299,365588.84
6072300800,600855.9
6821102358,470572.38
5029450200,368950.84
8860310240,543499.75
826000295,394629.44
9417400110,398072.56
3959400345,741067.5
8899000430,447451.88
7527200030,677122.94
8562720410,1195629.5
1432400335,321913.38
6699940320,522872.47
2525059172,675951.1
7548301044,435830.1
2141300420,791917.75
5100401414,385460.88
7346600092,367861.97
6852700478,488216.66
87000213,358235.22
5416500260,397516.78
322059097,380329.47
7229900005,423085.16
7116000350,286184.66
3739500096,376739.72
6744700900,804427.75
1959700550,772270.4
5589300435,441005.88
1775920350,374312.25
3750607974,437999.03
5318100935,784067.94
1442700430,683279.0
9346700030,601788.9
1841500050,557304.25
7278100665,449348.56
8635750980,541052.06
6909700340,720015.56
7011201475,734930.5
9348500220,633094.25
3876313170,416053.97
2195700050,866909.8
3760100200,430590.38
3396800120,497322.66
3750603685,393087.75
9828702310,487370.06
8656300380,376292.44
1438000170,647690.6
2423069164,453013.1
2112700845,391898.4
7635801370,615289.06
8572900135,573927.3
7504010590,803746.3
6821100125,358118.97
4310702775,386809.97
2591010180,373086.28
9828700235,538696.75
9376301180,413426.28
1646502355,761585.5
1498301672,495949.28
7715600070,386953.94
7283900045,516961.0
522069119,543346.8
5200100125,531474.3
826069184,519678.88
3271300155,559536.0
4444800045,498708.6
8682291050,620493.5
2770605420,501054.03
1556200205,512841.16
269000970,906004.94
9264900880,452763.66
2323059074,308499.7
1224059053,1090192.6
3755500065,389242.47
2571900430,554342.3
3705000070,419291.8
824069173,518482.84
1735800050,315217.22
3025059089,532581.3
6132600655,691140.8
1068000255,1219676.8
3052700921,458786.97
3024089057,346579.44
7390400026,438815.34
1787600224,429275.12
2923049372,438672.66
7015201015,880156.44
7701990040,927006.94
1925059194,605215.1
301401370,428269.16
1931300955,425140.06
2395710070,491820.6
2591820070,563251.5
7883604065,422092.22
808300200,493972.7
1421069159,656310.4
8562780540,339804.1
2787720300,426178.28
2349300069,350829.75
739000035,299309.12
2397101460,574277.4
7625702437,457511.34
5101406441,474177.7
3323500010,677814.56
225039082,754711.7
8078100260,497897.5
4139480200,1163070.0
7436300160,551180.06
822039004,625601.7
8651442910,388964.7
1370803510,563870.8
3342100569,708894.44
1310430400,702698.75
104540820,372581.06
4305500030,711888.7
993000090,765976.56
8044050040,498461.16
5707500050,661618.9
6306800080,531541.9
9206700190,785853.5
8732040090,533026.94
3037200045,376984.6
438000025,539504.9
239000115,441691.3
8929000230,458201.8
7135520610,1065431.8
5561300340,670359.06
9530100085,637521.1
6613000140,999030.25
8835210130,369829.28
3782400190,372066.94
379000051,405359.66
3869900150,360724.4
4322200050,543675.2
8961980290,643028.4
2558670110,409567.9
1124000010,403657.97
3869900138,469468.25
7853300720,450662.56
251300110,496425.38
3904100041,378891.22
7701990300,795178.9
8682231190,457466.0
7888200240,371648.44
2025700730,391773.28
3066410800,761032.8
7576200040,710498.6
2526069095,1021612.3
2781270530,306273.78
3763300005,445145.25
1523049083,391755.72
923049468,382211.75
3303700221,524618.7
1502400140,370579.97
2880100160,811156.7
4083304535,752161.0
8820902549,596421.3
4139400060,771450.06
1222069094,370346.94
9367200205,435805.7
2734100736,394210.3
3856904580,508456.06
3812400789,385102.66
3303980090,971215.6
1314300018,379399.2
9522400350,524263.28
7524350080,506981.28
9406520260,400929.12
3278602040,476310.5
7696620100,376328.1
3751600635,399191.2
6365900065,393764.6
8732800100,400779.94
3876540410,381745.66
7349660050,377921.3
1036700220,600174.6
5417600200,407500.5
8732020310,492349.06
6844703240,844767.9
923059206,455765.12
4038700220,478226.38
2597520900,682248.06
7203230040,837842.2
8820903560,357461.72
424069112,763265.1
6056100102,511452.6
1823069155,488427.62
9412400220,1811302.5
6851700381,913322.06
13001215,468141.47
3630180340,706377.7
6746701090,493504.2
3832050760,400937.16
369000690,394246.88
6071900130,529285.06
7266200085,558570.25
1473120390,641736.7
9523100458,530216.7
4345000510,390884.9
6600220090,400355.7
8079040320,480426.62
1357900060,401364.12
3996900295,400825.44
1442700250,753657.3
5021900175,408133.88
4365700130,434726.66
3876100320,689994.4
2124069103,374906.38
6700400140,377063.06
7852090810,528790.7
1454600038,858952.1
4137000250,535829.9
9826700726,520495.0
6716700325,466507.38
8562750300,506693.34
9315600050,1042251.2
2790410250,659656.9
7732410130,623280.5
1387301730,365226.72
1568100220,375165.78
3975400085,676558.1
339600110,383519.97
7888400500,394089.1
1842390130,592212.3
7595700025,366980.53
2158900140,609300.3
6151800070,525518.4
9294300515,568099.9
1250202660,675507.8
9106000005,901882.94
5035300085,515865.28
8898700440,395405.97
723049197,369194.44
2019200220,367990.06
2926049408,602381.1
4233600190,903700.4
9268851860,416305.28
5458800620,511354.5
424069096,425344.44
8150100265,333009.9
2742100085,413073.84
8045600130,395085.72
8039900086,384944.97
4131500190,609289.25
1370802650,582452.8
821049149,401279.3
5104520460,487859.3
5466750140,363985.8
1703900155,380641.44
8658303065,368378.6
3298720030,419704.22
1839900080,396070.0
1561600025,471474.4
6064800410,421695.3
621069102,357430.4
7853360620,412294.06
9385200045,602064.1
7214770020,598803.1
5412300100,365200.75
2025701360,375492.38
7334602070,395249.5
8029200190,387602.8
2622049052,730025.94
3126049261,334288.66
4443800705,391485.16
2473420100,417953.9
7922710520,497154.47
3336001911,392876.25
3797000300,422046.03
5406500480,547368.1
6706600090,430045.34
1518000230,362347.4
1250202990,850275.0
6441800060,795399.8
2141500070,508363.9
9407101900,371313.22
5451300117,1370931.8
326069132,435515.3
7153400100,396084.97
3083000910,500323.0
3021059304,439884.3
2597530650,682344.6
3972900215,413039.2
2473420070,407989.56
6115400008,595104.25
8682220230,604790.44
642150080,643437.94
3775300030,370617.28
5418200340,606931.5
2424059119,886557.1
7899800476,371513.28
8598200070,372394.34
2421059125,640889.9
9528102771,485854.75
7522500020,488717.44
7202340720,462550.22
3286800260,657764.75
1121059105,666418.56
7504030220,714638.9
4045100190,1187723.4
9406530090,498616.25
7138000260,418924.47
2600010390,562628.94
2917200365,449684.47
2191600780,354773.3
7784000180,537113.94
6149700194,410162.97
8082400136,712995.0
7202340930,547650.44
1972200556,448559.4
2767604170,462426.12
3271301175,435494.62
3223059303,640101.1
7598100735,854594.4
3348401490,519982.25
1545803390,387227.06
2296700050,517814.8
3626500045,501401.62
1596600060,383983.12
3616600250,1022341.9
8078560140,388326.88
1796360350,346469.53
2770601763,582033.1
3223069118,660311.4
2473372040,528493.7
3575302759,366104.12
5706200170,438611.84
1774000030,449695.56
2224700136,384935.78
1250200418,372068.47
5416500840,518709.7
7335400345,284846.7
3776300010,829632.9
8857320130,574407.5
424069206,734434.2
3592500985,775424.56
9828701295,345056.22
2621750340,446709.3
7334401000,357223.25
3286800110,663009.5
1722069097,481932.62
3574770030,484076.72
1336300610,831094.75
7230900100,469028.16
6141100320,475818.62
2767602356,695580.44
476000017,433026.75
2558600100,406307.56
3500100015,338821.38
4074300150,382965.3
8907500070,1801873.2
4388000260,345030.22
2475900850,344504.16
7852010900,527567.0
318500300,633889.2
9200000050,356704.0
1026069106,392193.88
205000120,589582.25
2616800600,1051243.4
921049141,706965.56
2023069059,732749.3
7229900145,508853.78
4376800010,495877.6
4389201095,1323847.1
826069127,516479.75
2310000250,376264.72
4058801225,443000.34
6600220550,464198.28
3585300194,1066418.8
2594200375,432091.9
1102000514,777155.7
1862400471,512033.5
6928000440,361242.16
9578060470,497755.4
8732020670,481596.4
1823069088,394987.28
8712100350,910439.06
3420069055,460479.28
4229900140,347089.97
8682280490,404218.1
3830630310,387886.0
5100400251,348031.28
1737100830,520177.16
1630700276,380924.47
6326000205,525854.9
3426049284,1853862.0
3814900260,616250.75
7403200050,1434187.2
1725059252,604855.3
8899200570,467492.94
4137000700,502277.72
1115300270,888137.44
3904920380,519303.97
2695600195,408152.75
9542100135,657726.9
1552510160,391899.56
1823059241,889822.0
2193320450,558046.4
1122069006,526826.56
7853340330,446675.66
1954420380,443186.7
7299600530,450409.34
1760650670,376614.78
6819100080,453643.84
2767704649,430172.97
2424059035,828302.3
1566100400,371715.22
5255690060,565724.94
8860500130,587405.7
7349650120,461608.3
3291800670,543454.3
3764650010,506019.3
5416500950,628322.75
7973202712,345585.88
3291800120,348786.62
9211500620,397651.8
8643200020,481453.84
9197100101,343662.78
3531900060,415004.9
8842400071,480968.12
6844701680,434091.97
6413600285,449440.94
5196410260,854252.0
824069121,634679.4
3876313120,423058.75
269000030,735984.7
1560930070,908760.5
4435000705,375618.94
9542400025,688994.7
2470200020,933967.2
7519000580,441872.72
1226059101,479456.0
4449800063,396548.03
2815600305,611250.75
3821200050,328671.47
2644900110,401266.66
8058500005,421979.88
1099760230,388453.97
1954430180,474386.72
7853360480,486941.38
7229100040,413719.06
1432400120,320143.88
1898200080,616974.4
4054520100,782997.06
2568200140,669195.75
587550010,975617.44
4154303215,750180.44
6358900070,782661.7
3277801640,532676.1
6209000165,394458.97
6143000020,463828.12
2591780180,597018.8
5412400170,361462.03
5466350120,360526.94
2877104196,679090.4
3222059007,409345.97
7957600025,395305.53
2698200210,383551.47
3764500230,437217.16
414100630,379253.12
8029740060,394661.28
1426049054,486893.4
546001060,585324.3
3277801417,536582.56
3630120970,740349.2
2326059080,935074.1
3278612370,445354.0
4024700100,366027.25
7697870860,370585.53
8562900240,696982.5
4059400585,336649.47
5703000050,465939.88
7701990560,841499.06
1760650610,403571.5
5408100035,438910.25
1370800560,937912.3
2880100240,509249.1
3630060150,458465.0
6071700020,503699.4
2473002500,622331.5
2768300650,409774.66
3523089019,754392.7
2787250190,544657.94
9477940440,481191.28
8732030440,524790.25
236500050,467908.7
993000100,771176.6
5466700360,394430.5
7203220300,737341.56
8682292180,403562.97
5209200010,455280.88
7853360990,412812.1
8663310010,410357.97
2313900165,488941.75
6114600030,678417.8
3303990030,898820.06
6679000960,426162.97
8161000230,552629.1
9510860060,601848.06
1223089083,640931.0
2721049059,422219.38
2523039278,403879.34
9826700707,481771.94
2159900120,422234.1
2767600635,564357.7
3812400455,388787.53
7852030960,445759.88
319500080,638060.25
1061500360,417203.03
1787600209,455304.22
7888700030,607631.25
3623500260,704202.9
4219400520,998117.7
518500460,1678737.0
2500600297,368861.7
7283900010,386489.22
9225900055,377747.4
4036800925,367144.1
7967900150,565735.6
1782000130,452286.16
3163600015,322690.6
254000075,512059.25
1424059022,961463.44
2768200090,543088.75
4319200505,480638.66
1592000780,636243.75
1687910100,474403.06
5200100115,501454.1
3751600176,310265.97
5608010650,926473.75
2051200506,313309.2
2781280310,443306.5
1023059190,373576.75
2787310130,428095.4
4358700100,433606.1
3121069036,560634.6
1959700225,514926.9
3205500230,374672.28
7974200937,412025.2
6819100111,804838.44
6146600175,324945.72
1525069095,763418.9
1231000510,462769.88
4122700040,649868.2
2426039314,390412.03
2013200390,410901.38
1854900330,598943.1
1923300135,470385.72
582000135,492924.7
587800130,426051.06
7840800135,395228.34
6116500366,518575.7
6392002635,502139.03
5361700020,402831.28
106000395,393877.1
7199330390,351216.5
2484700155,578890.94
4038300070,393632.1
9407101850,387906.94
293610040,659224.6
7202360760,764259.0
5608010750,1109574.5
7236500025,458092.12
9144300120,357955.78
1454100267,441694.0
1377800135,467785.12
7967700570,367638.6
1562100220,548075.56
2923039243,368253.47
868002080,688728.8
7137960460,470186.6
1023089096,399721.06
3262300818,1031979.0
8563050110,555424.75
7137300245,479226.2
4365200630,507730.84
4100500070,1020194.5
3821400200,409461.1
5379803386,398535.1
4237901075,422256.6
8118600155,430402.97
8946780080,810692.6
1428000970,371844.4
7011201004,652898.0
2799800180,534724.44
522059130,376250.47
4315701163,534037.25
3649100387,440595.7
2125410210,436841.56
3224900130,357598.72
6798100661,386228.47
3626039325,1055129.9
8730000270,440454.2
6065301040,808563.5
1665400165,384212.4
2203500140,347484.38
4058800875,460916.2
5076700025,367606.53
7853420110,661598.5
7818700480,322274.44
8658303080,413426.3
3187600100,458078.62
4077800518,395158.44
2470100110,2075819.5
3451000206,470034.5
1843200350,391574.72
7904700126,440180.62
9430000070,387112.7
6003500749,552974.44
7701990700,786179.06
1310820150,558130.0
3975400190,526229.0
4100000050,542986.5
7202270700,446862.8
7370600020,650849.3
126059225,452108.72
106000015,364928.6
4458800060,814476.1
8944290090,385382.72
8682250330,510205.28
9834200390,498229.25
3275880100,620695.8
7227501190,334802.44
1796100010,888348.25
3831200210,428534.8
2521039066,439758.94
7701800050,535336.8
3904960910,579673.75
5647900670,396581.47
7234600796,644616.25
3021059244,367968.94
7787400030,1137989.6
2051200436,689744.0
8820901415,363035.75
3523069047,788164.1
9194101388,510334.66
7277100610,364952.16
9471200370,1233558.1
2767800140,716171.1
3629870110,458100.06
9136102057,486139.8
8648900060,435197.88
3678900110,425891.72
2767600150,449604.28
1972201511,484381.28
6055000430,818953.56
6624030050,474510.03
2215450150,487606.53
2767603824,444933.97
3585900460,742327.06
2922069134,464677.66
9267200062,433558.25
7228500425,611129.94
1089000190,704647.4
3359500960,394429.8
5152100160,630259.4
7230300060,448926.4
2423059067,485086.3
8016250060,381604.9
2524059267,858734.94
1438000440,529517.56
3326069026,560784.9
9353300600,383734.97
8691410060,660741.5
6332940070,519708.25
1310980110,488405.78
7428000120,369672.8
3626079040,665175.2
2722049077,483646.12
984220290,422943.34
5347200160,390395.25
4154303655,490879.8
2953000250,414310.1
9523102447,567476.2
5104511840,558542.5
3448740250,459882.22
4219400290,719933.56
5152100060,911950.06
3279000460,352347.78
1102001274,785721.1
1251200155,1118315.8
2025700740,370486.44
3820350050,377088.28
1245000438,515995.4
7853230200,469169.9
3832200070,407209.12
2926049400,445179.3
1246700251,778590.1
6372000155,524133.28
7950300670,433084.62
7518504130,514581.53
9286100200,424663.62
3992700585,465392.16
7234600786,857254.6
5476800069,440150.56
1126059201,1196516.4
9527000090,476308.6
402000115,374205.12
8818400450,932254.9
2475900840,336460.56
1437500015,267426.62
2848700095,508146.75
1529300135,358667.97
2597520090,655345.2
7812801125,367394.6
3343903647,547685.1
1951600250,351512.28
9542840590,351999.3
8081010040,1037523.2
3262301355,831520.7
1861400068,529633.25
3295900490,503415.66
4345000440,364271.78
4219400465,744600.44
3797700030,374090.34
3204300860,709064.06
1930301555,476897.06
8807300130,311395.28
4391600035,427602.12
5021900140,1068180.8
2946000590,421876.53
686400210,474942.25
3365900462,431322.75
8682262170,403332.16
7312400325,390410.1
3760100100,377263.12
3579000410,484069.5
1773100755,581952.8
7129300175,465982.97
6303400965,393767.16
1328320440,497123.06
3686900025,403178.44
1221039066,699104.0
7950304095,388650.66
3585900785,850897.44
9455200329,519265.72
629410130,736059.06
1994200375,544477.75
6669200370,691670.5
7262200150,365627.72
7504010750,601981.5
5253300173,376142.3
3395040200,384166.75
322069109,408320.34
4054510270,1177134.5
1710400005,507077.22
8644300170,615009.5
2450000290,685883.0
6102400166,1115411.8
1934800087,441926.06
3333000775,376764.66
5393600509,362539.9
621069039,408537.12
3343903611,698889.4
2954400020,1140300.9
7972000010,358407.7
7214810510,484157.3
5561300540,560171.94
2634500070,461648.72
6822100310,569476.3
9201000100,660182.75
1072100085,419780.9
6190701146,403077.1
3277800845,386847.4
112900020,375193.97
1324059048,516665.8
7979900126,425276.12
7199330370,349794.16
6381500720,456885.5
8078550190,410386.6
7853440140,808291.25
6300000396,367508.4
3374500250,571503.25
3343901188,395290.56
6979900010,750500.75
7199340320,460092.75
1112000125,416273.78
9269200150,480612.5
5104510210,386852.0
925059219,501871.53
100600320,326719.28
1789900080,386413.9
2123049142,416466.28
2459900040,506237.66
3902300450,527742.6
7250000065,437488.66
7823700005,682079.4
3750605247,363893.22
2771601730,503121.8
3298600440,688743.2
9141100005,723915.25
8682262190,403928.78
9407111250,350433.6
1336800010,1115697.0
2255500060,586409.06
7950302345,406375.1
8658303585,317055.12
9184700600,946026.94
8068000440,470826.22
1310000130,432968.84
7853221330,763697.9
1222029077,259191.0
8562891100,541804.0
2517000260,558086.6
2225300149,403509.06
8651410330,304862.03
2413910050,521259.34
9407100720,379943.9
2112700920,411842.97
3761700251,697510.5
1036400100,610988.4
3585300365,615895.2
8562750060,894074.8
2719100042,559100.1
952007055,410783.9
925049318,496718.62
7203220260,843433.6
9320990140,419214.44
8567450140,577466.6
5379800810,385685.72
7784000100,609490.2
3992700475,383656.5
7905380280,377092.62
943100683,367222.28
8029770470,636655.9
2818600060,1056728.4
1226039124,453636.12
726049184,346225.34
795001930,409141.84
339350150,645376.7
1332700270,417456.78
7548300170,676958.0
6141100330,488663.06
647100096,535170.0
6744700423,573677.4
2895800750,408252.0
4046600220,373508.25
8809200070,396329.94
293700110,836360.75
4178500440,366180.2
4358700164,362122.8
9197100263,398408.25
2426039313,390414.16
9468200163,530613.06
475000190,432597.4
7504180170,390675.78
4036800170,425565.7
2561330040,421361.03
4123400340,452994.16
524069115,672963.5
4047200850,379142.56
8651440230,381188.34
3905030140,466900.38
510000641,608199.56
8663370020,381756.1
2883200760,513104.16
1980200384,816186.56
9468200140,476812.25
1796370150,375508.1
9238900085,554777.7
9191201325,472159.2
2538400060,907493.5
3758900037,852869.1
2472920800,591256.06
321030150,476048.75
2571910100,413565.28
1423910670,428426.8
1118500030,817301.8
1939000010,602188.3
1776460190,490554.25
7504400290,641354.25
3448700070,456742.38
7518501025,552843.2
923059252,644432.44
1431700210,419903.53
8635760480,529329.6
9175600025,1743811.5
7922720250,502611.72
8944360390,445720.78
8948500065,370394.34
8669160310,385059.16
6117502745,606063.9
1789800020,530250.06
226039186,359586.28
6457000080,361316.22
9557300080,461712.75
8562790480,673540.8
6430500008,409404.56
1604590230,801683.1
9542850290,688201.44
7831800395,440170.97
3317500030,857155.8
624101110,729148.25
3654200039,393095.44
7856000150,722641.3
4338800685,384929.22
3211230300,549318.6
3904910650,485945.78
3598600088,426414.47
3796000400,375780.28
7972601280,554687.7
1450300050,425626.72
7504050090,873386.2
9202650130,449652.66
2419600075,414842.78
1224049005,616862.94
7129303240,458277.53
1922059135,347269.8
7852020250,728204.4
4139910180,1255126.9
4222300040,412976.4
1024069027,847597.56
8944600620,453581.66
5040800060,646152.94
1036400200,517084.88
7899800915,366796.1
3325069025,486492.34
9408300310,563744.25
1773100604,458288.28
5451100490,956138.5
9536602080,372457.94
9828702055,369578.72
3362401758,438806.8
476000333,384231.75
4364700730,434792.72
5559200020,417161.1
7522600110,401129.38
104510440,371460.0
8820901275,633160.0
3298700125,333833.22
323089172,442103.6
5364200477,438280.4
2222900082,468816.34
6641800020,811244.1
9358001422,404902.88
3438501150,322521.8
2206500430,379656.2
9272201318,503850.12
585000095,543427.1
7708210050,664594.3
9407000840,384463.3
4027701265,547841.3
8644210050,804977.06
8656800020,390974.66
3329520170,342451.25
5104520720,393064.97
3806000005,317181.16
2330000015,648596.0
1447600410,369425.2
8641500252,398191.5
6084600420,388575.1
441000115,394973.0
2597490030,595063.0
650000030,447862.25
3585210200,382854.44
5416501030,627358.6
5406500170,547747.7
2916200065,468783.16
3330501975,608100.2
1774220070,548423.94
8731730710,352974.8
7861500150,436163.8
1402630190,526069.2
9117000230,446408.47
7133300380,507313.0
4232400470,674358.25
1773100972,380637.56
9413400165,393822.97
7658600025,464409.38
6909700040,816300.8
1402900380,479281.56
6625910100,573558.94
3204900010,617943.75
5162100820,505873.06
5560000480,300899.4
1704900303,548611.94
8084900170,932453.1
2887700091,677224.75
4331400190,407292.12
3762900130,376691.5
52000067,389906.8
5430300120,681177.7
8956000460,541242.3
8856950310,365415.3
3364900156,382143.88
9310300211,421542.8
6448000020,745727.8
123039570,480404.56
7600065,531995.56
3123039171,439242.3
8964800445,796635.3
7857000732,477101.8
7525410090,561064.56
9541600350,615073.94
3186600515,721496.5
4123820450,459731.78
2505500030,742879.56
1541700240,477921.12
6629300120,380717.16
7399800150,446483.6
9517200180,355104.66
1313300340,568487.56
7967650010,539092.44
8807810090,327943.8
8815400670,638829.3
2310030500,420839.22
2241700075,396869.3
2287400030,403187.2
2827100075,387838.72
1310700390,534419.0
5498100010,435460.44
723000114,983022.25
6431000987,452399.94
3356407665,348846.38
7852110050,523260.72
8677900123,406025.4
1917300260,388441.88
3396800280,521231.3
8691420050,852683.5
9368700006,423378.7
339600290,341177.28
1592000250,619389.56
1471701780,426636.66
8928100205,512296.4
5029450100,373280.1
5493110080,1355537.8
7883603750,459311.5
1732800175,742575.75
1518000290,374467.8
8604900017,554076.44
5379805160,443872.53
1254200835,441868.72
3179100482,406161.66
3313600266,354163.22
976000879,460650.9
8819900220,622906.9
2130701535,338973.22
1176001124,452626.0
7893805650,378957.03
3885806840,660105.8
3625600190,941385.75
8562790150,835963.9
7348200115,379754.22
955000453,408900.56
6817810310,371952.6
4040400340,403911.88
1644500050,889282.1
8029500100,559177.06
5244801230,612578.44
1115100119,436327.66
9542400010,716287.5
423059387,692474.75
4023500990,418178.8
7899800857,461093.03
2976800796,386980.25
1074100020,378057.88
446000010,425022.16
7942601200,479451.38
3575305495,767738.25
8691310040,804100.3
6117500430,921634.9
3924500130,512865.8
2028701075,415029.94
4330600360,356543.34
1324079082,393338.78
9268200484,590584.94
9828701605,500695.3
7518506715,789878.8
5315100277,922847.5
3942900115,418332.75
1561930020,755184.44
9510970090,563047.5
6163900821,384670.66
9510300220,604765.2
3869900146,346972.44
9262800208,871041.3
2522029039,677798.3
6865200095,567372.56
3782760040,559932.4
4237901250,515449.88
2891000610,362474.47
2749600095,477120.4
5422810010,535571.2
3629980350,659921.6
2459500070,386751.7
5113400364,480331.9
7533800885,604682.0
629410190,721824.75
8651431100,302353.38
7960100050,542890.06
1842200040,384976.66
425200205,321339.34
9477201470,366862.6
7905200365,435003.16
6381500635,375598.22
6052400175,493434.34
1236300268,381422.97
6072800265,1043427.44
3423049311,326745.44
3755100540,357728.16
7852150120,390451.88
4180300050,573368.4
7625701935,346882.44
7132300550,436725.7
3025059093,1341465.8
8161000220,460336.3
7852011020,562720.44
2599200160,549304.06
5536500020,584619.56
2095600150,384837.16
8910500226,490994.03
1681400010,796597.9
1424069110,590673.5
5127001620,388575.6
7940710070,408561.56
2413300980,489610.56
7853400250,702542.6
9542801310,511136.53
1890000169,437983.6
2720000120,376288.7
9424400105,475866.1
7888780090,414917.0
3501100280,360017.6
3905100220,440173.3
723000150,712154.3
8691310980,758585.06
2297400250,433435.5
2892600056,377765.44
5273200080,450956.75
5145100460,396032.75
5561401260,694438.44
7732650040,792333.9
7504101280,1007606.0
8581400345,362732.5
7129302800,505331.72
9551201560,508954.72
1546600020,512916.28
2648000071,386695.8
3339900640,447004.53
7853301240,439951.03
943100262,338533.22
7202430150,720182.56
3558000120,422854.4
3890600150,385641.66
7452500315,366542.3
7173700591,518568.9
438000015,583875.1
928000020,440199.22
3830700010,584724.1
3845100640,617670.44
6675500112,356835.34
1773100920,438142.34
9485940330,515604.12
5561000600,480688.12
1786830090,530743.8
2011000020,395409.22
8024200681,427939.34
5452301810,1248768.9
5515600075,354856.9
357000135,958006.9
2541100010,483048.97
1090000036,775290.44
3459100300,496149.1
2450000295,728201.56
162500015,430201.78
2592210290,709782.3
5101405265,420993.7
1122069019,707245.94
7501000220,731971.0
1310900140,570882.44
3298700941,350499.53
1972200382,428945.22
5100402764,438199.2
2623069069,652753.0
6372000280,485240.97
4305600240,522574.7
2767602094,452534.8
2500600289,388524.72
7203160090,715044.6
3521069146,609337.75
824059321,983930.2
9348700610,783598.6
7228501745,465930.75
6021503656,448760.62
5437400630,467750.0
2207100740,373643.34
7202000220,370502.62
629811340,674058.1
1324079029,326127.97
418000010,289061.5
6303400290,374001.2
4139910030,1080352.5
3023039066,440101.4
8698600395,374247.75
2799800710,520437.03
7351200050,940964.56
8564860270,530857.56
2591830020,565708.4
4139420430,1277389.6
9828201725,428053.2
2420069604,373275.5
7224000315,309400.28
3861470120,1013106.3
3222069151,400649.44
3869900155,384458.66
123039346,367029.53
305010050,613637.75
2141340040,660296.6
7504021310,689788.4
2436700315,486440.22
8732750100,560183.4
3298201290,307555.44
9241900150,753154.56
1180005220,357294.8
5540000050,470420.47
9211520400,380600.66
2623029078,436447.94
7132300695,493336.62
6430500219,399086.88
6084200100,427022.47
7140200280,416271.4
3904910610,509118.72
7625701900,494152.84
9432900560,506198.75
1388600110,361615.06
9126101201,381657.44
4224100030,613584.94
1109000390,721872.8
3336000296,361739.47
7504100590,788091.56
2025701060,363942.28
7527410080,629773.0
7304301045,340142.4
2591840050,702549.44
2767602490,452843.22
5494000040,709812.3
2473251090,372604.78
3825500080,524144.12
2309710150,459494.94
8901001335,563369.7
1781500435,552768.7
8835220200,369814.72
4037500335,425774.62
1338300180,1066976.2
7968000120,416648.8
686050100,745045.94
1180008315,342364.47
1657300280,734363.2
7856600170,603184.44
4154303125,575902.4
3295730050,492072.6
1777500090,693868.2
203600470,599103.44
6673050020,542551.94
8731980680,493551.84
2273600260,385529.03
1000102,406222.03
4197400005,603784.4
3378100100,393170.34
7856620210,734379.44
9275700765,745213.3
1246700136,374908.62
4239400740,335424.88
3306300630,313305.4
2524049056,841937.44
2023049245,393725.5
3210400340,403105.12
2621760350,450337.12
526059183,450663.72
8078460050,583203.6
7504110050,624497.4
3876312840,433633.06
9268850350,346243.56
8085400490,607898.5
2722059185,439754.9
3644100101,379594.9
1321700030,1081696.6
5608000630,1265698.4
825059349,919653.3
6083000071,358886.7
9164100105,459837.72
1425059145,396978.06
5210200184,476965.1
9477201370,395567.66
2927600630,1051697.2
2619920170,691280.56
1560930450,689950.8
2896000510,532463.8
3034200067,553562.94
4025300360,401734.75
3362401295,410748.84
2391600555,378754.94
7550801170,469604.0
5347200175,383121.12
8910500471,468216.97
7199340560,380553.9
9266700175,379179.72
808300270,431659.66
2487200875,438770.2
8728100781,408439.8
5379804888,382472.25
6619510060,440362.4
5416500680,646818.5
1862400087,369997.84
2126049277,436495.47
4137000070,531923.6
8081500060,1107250.2
686800065,617151.44
5561100180,627117.3
798000342,427049.66
5603700095,487414.47
7151700585,1092483.0
8129700565,545150.75
2782100260,596885.56
7011201106,362337.06
2423069084,492940.34
8141300300,517564.66
6601200040,416860.06
290200230,557603.8
1423900220,350377.12
7303200450,364642.78
3755100220,374237.56
796000235,369974.34
7237501040,1085364.9
7203220400,739795.0
9285800275,785571.25
2061100435,548920.1
6414100025,595060.2
5317100750,1456664.5
6145601000,420286.66
5634500775,529251.3
7375300160,499761.66
9558050360,697856.5
4151800420,329444.16
3751600146,352557.6
5302400080,608939.4
357000005,687055.94
7283900306,512343.25
3738900105,340613.0
6822100305,526187.75
7436000205,527744.56
3295730040,493324.28
1526300015,396388.53
3294700101,399577.8
8864000970,351295.7
5469502700,604381.06
8078520310,378732.06
6154900130,360748.03
8945200830,319526.97
1085623630,623373.9
4013800131,378907.75
2287000010,545069.5
546000930,505881.8
4051100390,368868.25
7203100120,518025.38
7523850150,407496.0
3826000665,409646.97
1311800560,351662.44
2877102180,466399.72
3221059044,844652.4
9169600110,520647.28
9510920040,773015.0
8813400155,512573.5
3896100130,881292.0
2568200740,666473.2
1217000340,432257.8
6430500086,384914.75
5634500234,472332.47
825049073,465160.38
2391601445,962653.44
7881500330,503336.1
1721801591,310840.66
2473390710,400050.4
5634500891,441784.7
5515600163,591686.7
2560805630,399080.34
8078350280,512507.4
9477201060,369574.22
8827901350,585061.4
3560800040,387793.78
3034200370,492226.9
1328300040,493649.38
2483200010,604721.56
6071800480,395215.1
6200017,319719.66
8149600065,699341.3
3362400615,407196.97
7518502945,427694.1
8001210120,406946.2
8682280340,421813.25
3623500408,1561105.5
3764650070,476589.78
7937600380,463732.84
923000580,793152.1
217500005,477965.44
5419800510,354696.88
8562901250,519015.66
2212200100,427544.06
2310100240,501676.56
8582010240,573261.9
8651410670,296609.66
3330501645,394961.3
8113101232,411342.3
7849202190,377316.9
1864700300,392358.66
5231000060,335997.25
1565900070,359259.72
7555220140,563793.25
7518505160,473508.88
3322049005,907623.06
808300550,422195.72
66000265,382641.28
2880100675,370958.4
1524079156,362007.97
3625700010,1127524.0
3259400024,364512.97
3205000310,364348.2
807800190,449736.56
2783600210,405351.34
9290870040,750819.75
2561360120,361582.38
8857100180,435022.44
4388000070,373450.66
3860900003,589200.44
1176001119,444789.53
6084600330,373970.12
7985000100,407321.4
8026200080,439233.78
3210600010,457316.62
7558300170,462337.72
7852180340,453318.7
524069011,549605.4
3361401011,313262.72
6117502455,415049.5
5602000025,336767.1
4142450490,383266.56
5306100255,417057.9
1795900120,520977.6
1193000280,768028.56
9238480120,546232.94
3630200780,931048.5
1250201130,560000.25
7796000095,940521.94
8635760040,461093.88
9476700135,400437.66
5249804510,603135.5
40000553,430717.38
3204300625,643914.5
2596400050,441174.56
2724069103,369384.3
3744000040,621170.7
7525100590,449966.25
3705900292,457649.4
6169900790,1124108.2
8127700735,867420.9
3761700067,978175.5
6065300570,842920.06
4022902050,530725.6
3886902590,480292.03
4107100190,1222191.8
2909300150,574299.8
384000135,372821.56
1005000036,558762.94
8856970530,398071.97
3448900320,597850.5
6713700100,414497.0
2260300060,1145331.1
7273100026,513737.5
1277000020,785429.44
2620069113,483479.12
4166800080,508740.9
8731902680,495015.03
2599200830,421715.5
7569500010,542166.0
1825069031,763259.4
4443801495,494606.16
7805450110,699461.9
3345700207,616817.4
1560920450,1050439.6
3629950010,447329.9
3782100035,375554.44
5561400340,1055563.1
1898310110,447520.6
2122039094,1214430.0
631000040,384660.66
293000145,409500.34
8121100015,380086.28
3205200430,354995.34
2475900565,361753.78
1651500040,986110.44
3955900500,499415.56
7907600100,378496.44
3123039136,373320.62
3972900735,356639.7
1424059130,443996.97
6792200282,372766.1
910000104,344109.0
3751600784,460620.47
946000295,383584.97
7749500070,562935.7
255550070,393127.62
5151600340,518162.88
5415300060,533914.94
287000110,595073.75
7585000110,348957.94
8121200460,494929.53
6891100090,851786.6
7575600100,455087.1
4240400140,577775.94
4046500510,360639.4
2944010240,1028509.5
3449820380,641621.8
7203102140,359987.25
8665900291,600834.1
1775930010,425371.47
1118001631,749116.3
8911000445,382947.47
117000100,595186.0
9284800085,606722.75
2795000080,512129.16
123039207,435367.78
1312200080,377135.3
1236300290,1086299.0
7549800168,557231.56
6891100260,816998.6
6072000910,520403.47
3226049184,425785.9
1442880320,538419.06
23500190,524426.7
6021502070,445941.88
4168000110,350802.88
792000006,359391.97
9558200210,391601.25
3840700757,521191.44
3876311650,619524.9
1328320800,497569.84
5006000170,340260.3
7575600430,424248.62
7686202580,353465.2
2524069097,1637596.1
4292300024,424401.16
2726049071,326988.38
3526039019,721948.9
3300701365,423850.06
1274500170,360731.47
7282300095,341377.75
8562740440,691968.25
3761100045,1798841.2
2877104265,792836.06
7940710100,481077.03
6071000030,787957.25
6448000100,961034.1
2923500230,1935034.2
6751300375,389724.84
7214810350,466376.22
1088800470,612206.06
7129300420,346109.7
6149700405,369566.0
9521100855,394231.28
1861400116,566315.06
2787460720,350013.72
6073240060,656076.1
291310100,406564.34
1247100035,845584.2
2626069030,1689663.4
1326059085,473911.53
6447300265,1659287.5
8651401270,294113.16
3524039209,902223.6
3226069049,1077819.9
7548300425,397277.47
1438000360,531045.06
1777600900,702237.4
5244800695,490402.06
3387900390,385278.8
1954700615,818620.6
1026049036,357719.4
1683500180,395908.38
1939130420,622376.94
2021200530,813602.1
993002325,389642.8
2780900220,378649.1
2540800390,466636.75
2919700540,536132.6
2787250090,566483.5
8651442520,415699.78
100600860,344195.88
1437580480,928740.9
3886902505,533651.25
173000140,443035.75
5151800045,912159.9
3010300240,447100.0
2085200261,418142.94
1839500065,390782.12
1049010300,389583.66
1328340540,387911.28
8887001625,459754.34
5332200320,601861.06
7137960030,485626.3
5468780250,483252.72
2436200715,467436.2
5137800030,521897.5
1068000520,1047636.5
5379805121,521384.28
7445000105,428823.34
7942601895,772350.0
1727850350,1014506.2
9407150310,380945.06
5569620550,654902.6
3179100480,410710.7
3624039111,367683.3
7844200050,390164.12
3304040020,547777.44
7739100155,685402.8
6099400053,358643.62
7468900270,357414.3
396100025,378268.28
1160000255,406795.0
6300000320,419036.78
6392000570,340826.97
7387500235,458152.75
1121000058,538999.75
9828702120,457322.4
7715800310,392442.1
8562740370,633594.06
5637500070,443456.47
5561400470,769026.0
1189000205,423292.44
2412100025,417246.7
1073100065,427087.4
5160300020,464344.34
2770601677,515817.3
5104450070,583933.5
820079043,485309.03
751000190,355543.4
1823049179,374632.06
7430200060,1326273.0
3331000035,576550.94
1775910370,568264.2
3626039299,519901.66
1546600125,591753.1
3260810150,467795.72
6817800330,366390.72
414100045,440035.97
1326039061,400622.9
4055700030,1150019.9
1225069038,2398828.0
2296700260,412187.66
2822049160,384260.97
3395300260,488960.75
5144000036,396460.84
809002290,759442.4
7334501410,377564.6
421049114,359666.88
2623069010,969964.56
1133000144,543644.75
705710290,413917.66
7313200120,599371.1
1269200150,330303.72
9264930970,481931.7
6819100020,1482326.1
5112800421,336514.9
7846700850,406426.9
7227501450,313471.47
5451210150,555820.0
4140900140,532231.3
3537900180,523826.62
7738500475,542054.8
3541600450,499632.16
5379800040,544337.94
6664900330,403627.44
6056100312,389449.38
7766200013,683390.3
8651720470,413701.9
5690500095,772252.25
5423010180,735223.06
3204300610,482133.28
3425059066,454033.53
7856660130,944543.3
2954400520,1090578.4
2327000110,875969.94
9526600340,522717.5
7695500200,517630.7
7237501180,1100278.4
2008000550,395666.47
1123059126,650947.4
1775500371,745232.3
3459900230,1516397.8
2619950310,553151.56
1771100330,392432.03
1321059097,394094.6
2420069278,482531.34
3832050570,427664.9
7132300525,456809.47
8691410700,741452.06
7967000150,437195.53
1328300810,526172.2
711000110,771556.9
9485951460,618651.3
1771000970,361164.16
2817100900,331626.53
6817800630,356026.78
3558900450,442474.25
7215400770,478860.78
4222000320,358216.78
2791500270,403223.47
424069018,948732.56
9547205180,707674.3
5631500947,493887.53
1425059193,963290.1
567000775,452249.2
3904900610,449750.5
3649100346,467176.28
1624049228,484843.38
1559900080,385735.72
2919702040,458638.22
4013800206,342135.53
1025039292,873589.0
2771604640,525477.25
7203600550,385104.94
1545802830,369376.75
3303910010,660583.8
8617000060,915520.4
7889600190,424718.5
3325069064,403762.28
6300000337,655256.44
1172000150,305689.72
3348401319,420033.44
4188000490,801987.9
7779200355,830501.6
8029900110,658494.44
4060000290,333898.72
9475710040,431592.34
798000535,392991.44
6415100410,492746.38
4299700095,403431.25
6117500955,529131.6
2421039075,401185.8
3362401935,505519.44
1545800205,375277.62
7645900235,751577.75
4141000060,967751.56
9485800050,458446.22
2436700280,752296.94
7335400400,336056.38
9294300495,659216.5
6649300190,496658.2
7950303270,410053.12
2391601010,354239.84
8129700728,481360.5
7871500685,623590.2
1498304065,525976.2
3862710010,432640.12
9209900335,488862.8
952006857,354631.38
2322069168,524411.9
1775801090,435882.53
5700002165,546779.06
4029400080,427547.3
7796100080,653399.4
9279700150,1283277.6
3876200060,402811.03
2934800025,446834.75
9359100101,741793.25
3330500335,420269.3
4027700466,444907.56
3204800430,388448.4
5415350770,723606.4
1443550020,509401.3
2810600022,365953.5
1238500281,404096.75
2591020140,410285.97
7137900960,385116.47
1328340630,377320.06
3529200190,497517.38
1624049291,718286.1
4083301120,594540.4
1873100060,539732.8
1773101159,355906.2
7214700350,539468.8
3856902250,581432.4
7169500130,445723.1
4038300010,364341.03
9578500810,616857.4
3345100184,399014.25
452001860,382712.7
7905200037,484017.38
9376301110,454180.7
873900240,417122.62
8682262400,404027.5
7227500910,300276.94
2392100090,443589.72
3221079050,424803.06
4307320280,421489.22
3211270170,812559.25
726059483,704146.25
424049043,763284.44
6865200140,501534.88
1155640050,451683.6
4139430250,1310430.9
818500100,359678.97
7999600180,360490.75
4099501215,612982.7
4046700140,387574.72
8857600490,370983.9
8677900120,511480.1
5379805253,373117.22
9211510410,388198.62
2337000150,509010.16
1423049029,431933.6
4036800580,398065.9
3942900010,422186.56
3438502715,428734.75
7625702441,457509.53
3905100610,410948.6
2218000335,481902.47
3034200516,493682.88
8024200625,397456.66
8564500020,378243.25
9550202700,426622.66
7518508625,555949.0
1822350070,369361.94
8921000040,766881.4
6648150090,1117511.6
2402100675,714740.56
42000127,455360.66
5100401160,451966.12
7347600507,398751.56
1839910300,352876.53
1250201550,761510.7
9460000010,466891.88
3356402232,329449.28
6819100150,507234.34
8645501330,393107.47
1556200005,807066.56
40000228,371109.22
7300410010,636172.6
4299000030,559333.06
2629600016,427244.78
662310900,629389.94
1909600046,521102.66
7893207490,363745.0
2524049318,1064529.6
924069210,644366.8
1591600527,460437.44
98000060,1234303.1
6392002020,503828.75
2719100400,425869.78
8018600655,463965.7
2141500020,500260.8
3277801580,570834.0
7237500110,962793.5
626100023,563435.5
4319200820,401192.2
1422029138,528282.06
9517200610,379587.88
7334600280,358391.34
8820902400,509434.8
8944600060,455246.3
100100050,397610.66
8074200100,369050.28
1836980240,672739.7
6648500440,517994.62
9530100225,573435.94
2883200875,535841.56
4218400175,748525.6
1022069183,706423.25
6398000171,581381.44
5021900160,448270.84
8078410250,476430.34
7972602490,393263.3
1962200435,613907.44
7221400285,378511.22
273900030,394998.03
2708450020,779145.25
4083306616,394772.5
3034200435,620636.6
7855000550,1022967.4
871000155,471715.25
8024201714,494051.8
2625069038,986878.06
2324800350,693876.1
5450900010,952530.0
1822039225,803324.0
2460700700,400515.2
6679001060,396083.44
2422059111,416956.06
1250200345,390842.3
5589300370,391550.22
2021201000,1039000.2
4302200336,360915.03
1328330290,464088.72
3438500781,392886.56
5453700020,597064.1
123039147,409004.28
8691310070,930191.7
6450303785,368242.7
114100234,483933.5
9212900820,418413.12
4270600025,445107.0
7201600190,385718.72
521049227,1229228.8
6300500479,462060.25
1432600100,332768.1
1024000109,357976.56
1430800100,423035.66
9164100125,459033.44
1925069183,424261.3
7852160080,974909.25
5317100780,972266.56
4083304835,519425.25
9478400080,666712.4
4463400195,391494.94
4232901525,434177.7
3845101070,605996.8
1843130980,413823.97
3810000480,544770.94
7137960440,468435.22
1231001115,453576.62
5101405340,475539.03
3723800409,621278.3
8651430370,319915.4
6135300010,346530.3
23520380,405682.66
2935400100,426538.88
6137500320,907945.75
7841300230,512872.9
3521069051,499796.3
2621400080,412392.2
5104530240,489314.28
2022069200,521418.9
5469501850,665803.3
9206950110,419836.53
3298300210,314690.53
2810600015,428233.7
7298050090,917570.44
7202290620,386054.47
3211290370,386280.0
1591600506,525785.8
2827100070,399249.7
2482410130,467322.53
4364200125,423846.03
6388910730,580087.75
7436500120,449961.1
1822059156,872926.7
9432750190,561887.2
2205700405,372121.2
6056111370,407694.78
3205500160,407276.44
6139100076,418543.16
723069135,428716.75
4123830070,440909.2
2472920740,718684.0
6134500220,528175.44
2734100395,377575.66
3574800090,424366.06
3126049107,536764.2
669000210,983728.94
1139000620,357645.2
3825311190,618909.6
7300400320,645016.6
9407150250,387046.12
3679400503,366866.34
641900050,448546.44
9169100130,589333.06
8091800140,431189.88
9547201155,524259.03
4154302045,378160.2
6638900265,599586.6
1423069063,439274.62
3335000025,417652.03
9269200650,337612.1
1781500180,424391.38
9211500520,394603.78
1853080150,688338.75
2767704756,436719.44
2206700295,377231.3
2557000380,539970.0
11520200,685461.2
3832710680,375863.6
2569500210,579659.9
5230300210,346029.2
6447300225,844221.8
5035300325,861186.0
7853301660,788016.25
5411800250,372874.47
7203210170,530903.25
4302200415,348408.88
7942100290,345768.75
3629860160,773677.3
1423069076,668958.3
525049085,589696.3
3306200230,385569.28
2193310300,433966.7
7978800621,405386.1
4027700632,496733.0
1761100190,370740.56
2749600245,412382.7
322069141,548002.9
1900000035,366875.66
3361400190,360008.1
1604602050,598717.94
9421500160,505263.78
7788400180,407026.25
1566100625,481456.3
3861500340,364214.38
2524069072,315199.94
3013300980,451805.6
4191500130,509463.78
9407150130,385304.78
3904902500,670014.6
9510900140,404109.38
3368900084,380754.66
3432501415,391526.56
4254000540,510557.03
2767603250,469439.94
2923501130,538282.5
9183703045,423345.88
5279100675,343117.34
3905080310,467219.84
2461900375,561756.9
3346300356,539752.9
1865000110,611799.5
9264930400,485780.47
3447000100,476765.66
2313900510,527782.4
7518507330,554933.25
9368700270,381299.66
1137400420,429404.06
2023069054,332953.3
2141320230,510707.34
9536601295,529988.56
2424400130,396118.34
5210200081,461021.25
4443800785,482205.62
7292700005,619078.4
9834201205,350251.5
3275800050,410692.16
6926700654,523249.56
7511000140,936691.75
6821101895,473416.9
8964800695,641926.7
6821100195,507802.16
1226059105,645393.4
2806300070,1045787.25
1720069029,391070.22
6384300020,479395.9
8928100125,464794.5
8562770720,485614.56
8650300130,691244.06
2126059172,428214.66
8812401450,605552.7
6646200280,599967.2
4021100045,664530.0
1155620190,428284.4
6061000010,465621.4
3362400472,393549.97
9558020240,689379.56
7309100270,499966.62
7137950210,524979.0
7849200635,357855.6
1311200460,435725.3
284000095,1304399.4
1509700050,451748.53
3438503014,369018.97
9406450090,430058.0
5096300140,470080.56
8923600020,921664.56
809001070,606969.1
2291400342,392384.28
644210020,640996.94
6700390090,389055.53
5631500285,758855.6
104560120,409146.53
6413100311,380004.06
2558700090,423160.06
1471590060,602348.44
8914100170,806909.56
5652601035,337669.8
7852120140,875568.5
6163900952,386774.72
5215200050,1244559.6
6352600490,725568.25
3912000020,461470.44
8830400135,388448.34
5467500040,445845.72
9406570300,573411.06
109200390,377832.44
2025770310,1032835.1
1939120450,655690.7
7524900003,1920026.8
3755000120,355845.25
2473002850,787732.44
7625703945,372679.4
9477000190,402999.28
1727500230,401420.6
7011201087,432677.12
5561300750,541363.7
3969300030,335182.6
8097000330,552697.5
2025049064,605170.3
985001321,363351.75
1775500050,355706.3
8849300160,472689.72
2316400285,532001.9
2423020180,419023.62
7128300500,440526.47
9512501400,384395.97
7200179,360276.1
5490210670,426228.3
9527000330,547636.5
1972200326,444699.56
4151800195,376576.75
4046500320,374674.3
9834200885,436108.12
8161020050,514179.75
2891000750,357402.3
3426049031,1194559.2
7387500195,377499.0
6303400395,274796.44
638100015,353638.84
4107100204,1209593.6
537000255,367003.9
985001266,479509.03
1137410040,521983.66
7229900250,372022.06
3905100840,420395.78
8100400160,533770.4
1346300150,2025151.8
1443501020,342237.88
5490700035,435083.78
1954600050,695856.94
8122100690,440217.97
3663000070,458411.03
5101406375,423924.94
426059055,513610.0
9268850160,355200.53
8731800840,497037.94
3331001910,431571.28
7603100020,861956.56
809002705,773747.7
4364200075,338603.34
1113000430,369378.1
1176001117,482179.3
3320000212,429897.22
9286000150,1252285.0
301400830,356489.47
425059024,522464.28
8835350300,564345.0
7100000135,386179.34
7696600240,362323.72
9808640320,831759.1
3764500180,453571.44
326049060,630646.6
4017110200,504005.7
7224500300,399349.12
1560930050,657500.75
726059395,580865.0
8964800890,1261035.2
4045500620,655655.5
8562710250,1076527.4
1775800710,375246.03
9528102865,629798.4
8096000060,916752.3
1591000015,382195.1
2310000430,369212.84
3902300350,540350.2
4068300280,379404.44
8732130730,412922.84
6791100410,424996.03
7660100236,424693.62
2568200070,726313.0
7697870310,384261.0
8562901100,526410.25
4016800120,495536.78
7338200180,619519.56
6791400320,392022.97
616000200,547154.8
2917200675,430897.8
2926049086,569307.3
3621059048,515219.78
7987401095,772825.2
5589900590,466288.84
855700170,503684.88
4030500130,442236.25
1755700060,404423.53
2413900050,694822.5
2489200250,478515.5
420000085,328771.4
8106300820,677528.06
8651730580,439430.75
8106300090,647943.4
9842300095,426157.56
9477000280,381979.5
2877102495,359637.78
868001030,877962.56
8564860110,637438.3
6762700452,437543.6
3294700310,336238.53
7231501665,387256.62
7525900050,423799.94
7882600326,1055401.2
104550690,426454.97
3425059076,991031.2
8835770170,1484823.2
2581300010,945875.25
844000180,481562.84
7888100240,416696.44
3845100670,685707.3
4027700812,508422.2
291310390,357139.56
9550200370,488554.3
2328800130,438682.62
2372800100,379522.6
2923039264,484768.75
9282801720,441687.44
9520900230,526014.8
985000955,374937.1
1099600090,357522.75
9211010320,581692.44
3825310820,699752.1
9545240180,463648.56
87000245,340408.06
5041300100,443762.2
3624039150,377386.72
1370804430,493405.28
722079056,455908.0
9126100815,457877.53
1770000490,380296.78
3995700250,414490.12
7214820400,424667.62
2473411130,504583.8
1824059079,740155.44
3080000030,502213.0
984200540,417995.25
524059063,1057224.6
9482700475,637779.3
8024200820,468052.6
8568700015,391115.47
1223089050,411371.38
2205500400,409209.62
1279300085,537524.75
7376300085,396499.66
322069020,389889.12
291310150,359002.38
724069059,1509366.1
5255200220,429535.8
1931300850,400772.44
4427100105,384538.2
2881700231,390447.47
8641500280,342102.0
5406500440,552421.2
8078390150,647508.56
8945300090,331813.0
8819901030,676203.06
3179100220,632655.2
2126079046,344431.75
2621750350,494316.28
4014400190,480323.38
7853420110,661598.5
2114700368,421412.8
3438501081,361066.66
6850700670,706568.56
3352402272,355446.5
4157600150,583230.6
8151600941,431940.44
5160300030,457208.38
3820350120,376950.3
7338000800,316300.0
3359500110,777956.6
8016300240,570558.1
7203120050,730531.6
3322049201,380049.12
7231502505,342435.38
8106100105,1969584.0
3895100039,695930.6
1001200035,404886.44
2724201202,395625.53
4038100110,425907.25
8827900015,570886.06
2644900109,422657.25
302000375,371316.6
1604600095,390503.53
2600040160,506182.9
2129700525,354833.66
603000555,382857.4
4083302225,795682.4
7298000090,743689.5
2484700015,538062.7
8945100320,335443.34
5112800042,560869.75
8091411100,418274.0
7375100070,372568.3
7577700061,479034.75
7923700030,375215.94
4235400186,376856.97
1498303700,698041.06
3876312350,442281.22
3797001815,429958.0
868002015,988620.2
597000550,484358.75
8956200530,598540.9
2207100165,389272.0
7942100180,344188.06
2468800040,486767.5
9842300036,377116.8
5700003985,1427048.4
2988000070,367782.72
8857320260,597600.3
2600040130,448964.12
6632900452,579667.0
7518505910,447094.9
1672000170,579383.7
2597800010,539537.44
8562790720,800466.4
4219401080,1239591.0
7000100711,570731.0
7954000125,484305.56
5700003640,1517538.4
5700000275,724102.94
4019301205,558449.5
8943600360,404930.38
2954400400,1114373.9
1321400060,393140.78
2255500123,509072.47
2781260070,615194.06
1313000220,713725.9
1125069153,1148564.9
8899000310,384000.53
4139450360,813194.06
5511600315,443812.1
3575302575,447638.78
3226049054,468100.97
274100090,524119.88
1545802080,361415.53
6669020500,518208.75
3307700405,410450.9
3760500407,1160120.9
7853270100,716068.25
9320350020,638274.4
7715800430,406825.8
6791400100,447459.62
7708000010,408061.1
1448800010,393593.8
1782500035,381065.6
3449500050,550643.5
2856100515,738256.5
1245000461,719574.0
1219000043,424183.34
5409800110,551323.3
2680700010,508301.53
8143100350,359846.0
2597150270,389048.9
2966800010,419533.62
8854000010,878232.7
2207200635,353961.78
1722059222,396603.6
9358002305,400856.94
6392001950,390732.28
3630080070,360156.8
3797001702,731896.44
8127700440,493734.84
1446400785,358775.44
5016002275,751709.3
2818100060,960923.44
6431000748,385415.12
7972600450,403590.62
8078570380,428488.22
7889601320,367763.22
1762600280,813556.6
3026059085,965185.1
3475000080,495109.7
1370802620,535268.94
5151600285,514162.0
2722049218,483569.7
7696300080,382366.44
4168100020,389686.72
1474000050,359856.5
2473480350,466846.97
1139600270,485917.78
6699940120,507952.28
7016100120,416109.6
6752510010,643470.6
7915100490,573101.9
984210170,422944.66
6159400030,461718.62
3013300968,382854.84
6404600006,390741.78
2770602170,356628.7
1922059401,355407.8
291300010,358755.16
3856905185,523320.94
7304300905,373554.84
3416600185,512248.94
1786810040,684499.56
4354700010,403921.3
3902100175,880677.06
4305600360,693280.2
3622069114,742563.6
4376700570,541940.25
6795100589,492799.66
3344500085,619551.3
2206500105,360678.47
8731900880,680878.7
1682000160,375710.22
5104200380,315716.94
1982201595,436240.25
795002190,373316.2
7228500375,496998.22
9412200280,431634.25
5071401000,743701.7
597000566,418710.03
8151600101,329987.84
2028700265,445510.7
1670400090,326641.1
7851980100,1304977.4
5595900345,803964.7
4046700300,381545.94
4324210120,370951.22
2616800050,576329.06
1525079069,733675.3
9828201020,472162.47
2723069146,692246.5
9468200100,461568.6
2883200961,456771.56
1137300690,677321.44
2473100280,453630.5
723049448,386457.06
3066410810,650888.44
5700003280,808545.1
9268200440,383505.94
4053200410,446367.8
1234000704,783966.44
2473372170,662505.75
2523039239,362261.84
4324500490,371348.06
238000244,557398.9
1105000571,452493.47
1771000430,368636.6
666000142,592727.1
3389900800,496779.12
3578700017,561661.94
3629970190,714745.8
255450250,460772.7
1154100205,316519.1
3629890190,1124920.4
3905080870,466801.03
8155820110,372265.62
5135000170,685789.4
2464400435,594023.5
9482700080,514666.78
318900080,449973.7
9477001410,366921.25
825079019,652653.75
1471701200,535403.94
5606000120,682484.4
7853350220,632550.8
1776460110,467164.9
3904920980,644728.9
8087800430,470921.38
3298200320,303104.25
9122500080,453613.2
7893804845,449248.16
1370803730,452553.6
8001450170,432800.66
5561400260,800881.44
7308600010,730261.7
3524039060,393673.47
7300400150,600186.4
207700050,552624.4
5595900355,402707.75
2652500285,622837.94
6744701310,1664420.5
525069127,1009676.8
3334000050,457305.66
8682220390,543274.3
4038700380,476456.1
8073000265,475095.03
9521100960,616428.4
5634500688,885826.6
6813600440,392786.53
1072010350,717564.7
7853301700,707409.94
5141000571,389077.1
2013802060,848391.5
7852070210,1360382.2
1402970070,536724.7
2310040020,474737.94
646910560,384998.5
6647400090,389190.94
8682231110,451528.03
4376700330,515414.84
8069000075,915548.0
7147600220,375196.53
4142450330,368508.72
5101404698,433462.4
6154500070,849530.5
1592000640,585105.94
3756900027,495311.4
7203220130,819390.1
643300010,394868.62
8651720150,493704.4
4139400910,730007.1
5054800110,427398.1
8835200330,376744.0
7682200340,417765.06
7203600745,730831.9
1895000260,403149.44
7922750020,511741.06
5437200050,678149.56
8732160250,398608.06
1442870440,534121.8
1471700410,415937.1
3204800330,360298.9
1923000160,773564.8
2719100013,393474.6
3814900380,556276.56
326049038,534148.9
1068000110,748078.06
8835800010,1075951.9
1560920200,580416.1
1668500090,636842.4
2597530070,788469.56
1139000035,556632.44
8032700072,431200.5
7732300390,622959.1
5130000080,592545.06
9276200890,458385.44
342000036,401320.8
5126300060,540331.94
2331300505,614674.5
8651410090,300596.22
200800330,442983.6
7520000616,403931.88
7170200110,416887.34
3021059155,351829.94
3582900280,1073531.0
7340600845,417727.3
3905040060,456964.9
3224800120,464084.28
6021503740,407042.38
2570300130,438241.62
8121100395,380919.75
3356404198,342074.03
3630090050,813525.56
923000413,429425.94
9201300020,1178602.9
1777600210,619009.1
7738500731,2225944.0
686900010,651084.9
7967000160,435589.1
3413700130,543071.5
7852190290,557757.25
1180007375,919927.2
3353404510,391938.2
7802900380,328976.2
8021700715,553621.8
3205100080,432964.38
4477000290,584336.1
1118001645,882443.7
7979900806,401678.16
7228500415,726175.3
7212660640,478569.84
3826000735,353459.03
7714000250,693236.2
4400200057,545795.56
2487200279,551819.4
7140700690,349981.4
3304300080,650569.9
2887950110,403462.1
3760500222,674792.8
9269200786,385113.75
3734900110,346640.1
5045700400,560150.44
2140950130,629751.56
2612000200,493924.28
8563300085,492953.22
2425059173,480793.7
8091410930,424415.53
9422400035,582365.2
1112000100,737041.9
1323089056,375609.16
5015000596,662951.56
1535204165,509481.6
1438000430,511674.0
3222059130,672415.75
1982200330,463255.66
6624010010,349174.28
2303900035,2134217.5
259600620,423079.38
6072500490,479676.0
123039633,396506.47
8562780090,348189.1
5249802240,507760.44
6071200400,492407.1
826069002,366629.2
2625079030,764940.2
6742700210,973129.1
9253900408,1286778.6
2560803085,426221.8
1237500540,362931.53
425069020,875863.4
9185700440,1593587.4
8656300345,375665.88
4245400045,414116.47
9834201370,434953.47
7853300770,410948.7
9551201295,496381.22
898000220,379259.22
3834000720,396639.44
1245500690,566208.6
4083304190,649438.5
4178300080,677044.4
2960900045,526968.9
1446801030,378731.66
7855800910,706132.06
7853310150,662769.8
8732131090,504871.25
7967600285,532736.1
8651520510,536152.75
5379802650,404357.75
1425059174,398132.78
627300105,871441.6
3124089049,483940.9
1778350270,614449.6
8691500410,504057.62
9169600043,547322.8
100300500,379059.56
3221069054,727831.5
4443800385,439231.62
7922710450,668769.6
7880020030,802109.8
3288020050,461965.84
4136980090,1163982.9
1687000240,497684.0
7812801785,384523.72
1126059144,596016.06
792500260,418655.06
3222049055,1137626.9
8635750090,628517.25
2767601280,638525.7
5347200162,348694.84
7503800210,382437.03
3394100020,788003.5
7663700783,428299.44
9454200030,804492.5
3791500050,326106.66
582000185,449698.25
3211230260,573156.1
323059103,396334.3
7297700055,388959.22
1545805460,351765.6
2341800195,345962.75
6648700150,419605.7
3860900035,909088.2
1980200236,641595.7
1180002745,519541.47
3275890310,694039.44
6840701100,478328.94
8651402750,313439.56
1588600045,380256.5
2422029094,266995.97
1702901500,394189.88
3755100005,506350.97
3624039074,355924.38
7950302995,410618.9
5273200060,453320.4
8025700460,408025.66
280610020,1073405.8
3333002450,400470.66
7379600240,468113.12
4058802300,455005.97
302000065,345544.7
9527000180,529592.75
3626039403,373138.7
9510900360,423239.88
2310040230,497796.72
7308900490,677815.3
2206900065,388030.88
324059161,835939.1
7345310100,375527.7
2422049107,619063.6
8146100095,406822.88
87000283,458607.88
7937600010,418530.1
2618300350,358079.66
224069102,431459.56
7129302095,375166.44
7352200025,1149225.6
6163900333,398937.12
3528960020,545893.9
1687000220,487780.06
4141400030,540287.5
1822500160,492939.12
5467910190,606445.94
9331800580,376708.28
2407000405,368043.47
5466700290,431327.7
3026059361,450216.03
1523069096,448656.2
3876312010,409228.66
8832900135,846054.7
9238900616,518178.12
4142450040,381119.78
9282800065,370645.3
5379800862,411971.4
2459950010,367076.8
4435000520,378216.28
1552800010,500640.47
7549800543,380297.56
9828200460,425721.47
6345000160,963807.44
7129304105,523966.03
4302201005,414495.97
2450500110,519026.9
5166700050,491314.1
1085623710,580381.94
1123049129,442665.4
8566100200,817997.1
1774000780,496111.25
9492500170,650735.56
686530530,524476.06
4022907770,683585.44
6052400975,409758.3
3438502501,495142.56
3758900023,894022.25
1645000580,388025.44
8099200030,385707.78
7635801371,648338.0
3456000310,704311.1
2025059150,657405.5
2624039114,471584.66
3348401095,456678.2
6633900170,395323.25
2600000510,668106.4
9414700020,498643.66
3204800520,381475.7
1844500025,390357.53
4137010590,567589.6
8564950280,536430.94
1338800491,564525.7
4058801702,1050519.9
461004720,494583.38
3123059107,744372.3
6819100380,457843.0
1193000390,870176.6
3450300270,406196.16
3110800040,409924.7
1437910090,538862.56
3645500050,486769.28
4338800600,388896.12
2114700530,482896.4
6381500450,442162.3
9206950200,419415.8
4232900940,634983.25
1025049174,704967.2
7774200070,771431.3
1231000310,627807.6
8155870200,434360.97
7935000625,972126.1
2426049079,359438.25
4037500230,430602.7
2331550120,416415.06
7974200765,459135.7
686200510,523083.8
4024100670,465311.03
3834500195,535952.44
3526059115,490814.44
7950304075,381350.78
1386800054,454237.56
9834200165,531315.94
6147650300,528516.0
6891800360,649256.8
9170500060,532721.1
65000260,904505.9
7784400130,739095.5
7941140070,377461.75
2122049096,337017.38
6003000851,345237.0
7203220050,821566.1
8898700960,410464.53
5245600105,387077.2
3530470190,441961.78
7883603965,386709.28
4022902505,526194.2
3211100240,375867.75
5119010090,655330.7
3821000100,395886.97
7301300050,443350.62
2171400197,476163.84
9471201175,1033461.75
2473450200,568276.7
2258500045,444545.1
1139000400,529872.2
3298701025,328737.0
1498302774,397169.3
9276200190,491595.62
2909300240,564452.56
1250200693,537590.9
3101500010,404691.7
2557000630,452070.66
1324300091,389042.03
2826049260,388650.62
3342100421,688678.3
3524049083,590359.56
9103000393,1002703.0
3121059033,320996.8
7853240200,661240.9
7950700120,391709.03
1822059057,290622.8
1219000473,411783.0
9272201385,635807.94
1336800185,988553.94
9268851630,412034.5
2788400315,407531.44
3529000930,463546.7
5631500967,507529.7
2188201010,397347.47
8562970040,885240.0
4415600030,473589.84
2473251170,384337.44
7511200020,460952.03
1163400020,388800.94
5412400180,365532.6
255450400,481042.47
1687000210,497821.53
6749700004,399784.62
2738650030,592751.6
9136100420,587379.5
1924069115,769412.94
714000155,463852.25
904000045,543653.8
3395070640,370621.66
6308000010,554542.25
2695600130,415352.4
3626039279,393694.16
1623089039,293584.0
3438501327,388854.2
8118600025,428536.7
7625703435,702857.06
1807900300,373185.34
1862900360,402184.06
2768100186,449611.16
2524059269,755232.94
1126059108,868450.1
7856610130,706818.5
7203000200,384766.62
3630120700,730977.3
1612500090,424636.97
3586500620,742916.75
5207200360,396664.38
6675500035,378162.94
1781500385,411285.12
1150900080,731934.0
9541600355,699481.44
7525530670,792968.3
844000375,418566.4
9578140180,503281.1
9558041130,461420.03
1788800910,322297.97
9550200225,431301.5
8643200055,419633.66
6143000020,463828.12
8941100095,935452.3
3630010020,404301.62
2895800610,430570.88
822039084,1287907.6
5423600080,471766.06
3992700775,396702.16
3816700150,451348.88
4083302485,564424.94
5127000810,436950.88
1725059182,811293.94
9485930120,532993.6
293850040,691389.7
8731981940,581801.56
3330501545,390370.62
1026069061,703650.2
8121200710,486853.4
3764390100,469891.0
9493200010,376554.72
2902201301,553269.0
3444120130,584348.56
5256500025,571590.8
4022902715,660908.94
871001500,582002.2
2329700440,342441.72
1773100275,339907.47
7852160070,1006058.1
2141330560,508881.03
2505500009,503878.38
8647800150,495688.2
4337000200,394889.88
9264901680,454314.62
1773101050,350812.44
9320990120,422061.8
8856960280,399043.62
5589300585,391853.38
7935000595,881516.44
7203150080,515552.7
5616000030,395281.62
825059178,1904483.0
6666830390,546596.1
8732900840,526822.1
2095800520,500949.12
1771000760,378364.94
1901600090,461102.4
8857600680,385818.62
4038700830,506938.44
8956200070,559674.6
8081500050,1102898.5
567000755,424535.94
424069264,631161.5
1564000410,810971.3
2817100910,431773.12
3303960080,949642.1
3340401535,301833.28
1622059095,410517.84
3278601940,472792.44
7202380120,385129.66
745500010,750212.2
6608500220,368909.56
8024201055,408804.75
8929000140,379171.0
859000160,451089.03
8673400061,426730.25
1269200229,1449046.6
6705850300,774288.9
3395040550,388479.75
1697000370,358368.03
5245600120,420138.7
8892900180,330946.5
1794500360,602419.9
2025049192,442058.06
1930301325,889310.56
4217402162,895774.8
8126300410,512644.16
3345700215,680510.56
2887701420,420382.44
2887701251,398454.2
4036100175,594102.8
6762700515,880187.06
3192000085,346514.1
226059096,1167355.1
9238900855,452753.7
6706200130,458544.47
2744000010,387505.38
7202271060,574060.9
7923200150,476318.8
162500030,392114.2
2571910210,389763.0
1523059105,502425.22
6052401215,419138.03
6626100260,738410.9
8925100115,964172.75
5459500165,567186.6
7686202635,345700.16
1118001370,803636.3
122029066,446566.8
8039900130,387695.47
3262300235,691811.5
8860500300,483519.25
8956000250,466577.47
1646501920,436447.47
9284801500,485428.6
1442880380,516945.6
1311500020,406673.28
254000695,384834.66
9477101280,414334.72
9510970530,561319.94
6891800500,660845.3
9407000230,386152.16
7202340590,600723.9
8151600590,439001.5
9407001600,381860.03
1771000690,368283.22
1525069134,942125.7
8645540040,414181.97
9414500200,397228.16
7883607645,349783.0
3845100140,534006.7
2726049164,402629.16
4340610040,361687.53
1245003006,762291.1
1105000373,359954.56
6083000123,360782.4
1777600450,631235.75
9558000100,597471.6
2473002060,528351.44
943100689,365679.66
7544800395,467376.72
1931300090,483190.6
7936000252,535354.9
7987400316,402079.7
5152700060,1069555.5
1721801025,392434.44
3438501450,401462.12
9222400510,365234.03
1796700160,379452.22
323059208,431738.28
3392100050,323224.72
4038500210,634339.56
6324000090,419245.9
7549802535,540199.4
3343900326,724479.6
5701700640,776312.7
5249803185,490698.66
8838900032,707679.2
1237500577,849212.1
8642600090,455632.06
3303100075,511920.47
2133020020,415714.1
7950302890,436050.3
2770601734,458558.88
2538410140,438493.7
8159600360,569428.5
917000300,428593.4
2391600330,345547.3
9285800585,512831.5
2005950050,355335.8
6450301835,382234.47
2473480520,482074.22
2818600010,953495.8
952006728,352340.3
3422049088,491338.4
3629870420,926153.94
1079350090,379088.3
1509500060,633261.6
4039000050,445438.9
5288200230,683685.44
626400020,760353.5
5457300095,1133084.0
5000500055,374868.53
324000530,474732.0
6713100031,455966.25
3316500200,388568.4
3124059006,1072252.0
1125079111,1574569.1
7852020300,515306.0
123039364,362475.8
7883603190,449512.97
9828700900,525569.0
6821100015,566505.5
9522100375,581101.25
2420069201,388262.9
7504110330,806387.1
475000510,494762.3
2425059074,798287.2
7518503685,491903.44
5466400550,359892.16
7852150720,428194.0
3066400140,716657.1
3298400470,389051.47
2902200874,531422.94
9500900110,376700.22
8835200160,357684.88
6056100295,374368.16
1858600042,493709.28
7224500010,442955.25
5457801925,688199.8
7575620750,412635.0
2391600735,449138.03
6192400180,764138.1
5249803870,549707.75
3575302880,344875.44
7225000045,363511.8
5561720180,413566.84
1972200428,463378.78
892000025,348053.78
2944510080,436005.1
2428100100,742168.94
6647400250,429196.7
121059038,431518.03
6398000191,508635.75
526059103,327442.97
8856960720,390990.0
3832500260,417445.25
1623089025,342636.1
3625710080,985377.06
6446200060,594040.5
5706200370,475652.75
5515600088,354544.28
8029500360,592851.75
6700390150,389082.75
642500080,645891.25
6150700264,399733.1
2473371780,537077.06
3905120540,478193.2
2652501215,591046.4
3176100110,508860.25
7574910650,826012.6
6385800030,432943.28
4443800960,471012.12
8731951490,540548.44
3380900125,413239.94
9828701508,467728.25
6699950310,508839.72
3321049112,520547.62
1824079052,846743.75
8032700140,707229.5
8679600150,452370.22
5040800120,852262.9
2026059119,393605.1
4024100951,508713.44
7212650990,494510.28
936000060,423675.0
6181500340,500501.88
1137400050,487866.12
3324079092,417786.75
4268200055,368687.1
6145602240,373237.16
475000176,408225.12
3279000120,401771.4
9392200030,418515.12
3438500714,417640.4
4306500070,474779.7
8588000610,352680.84
792500190,456701.22
2461900850,475158.03
2660500365,409133.97
5451210100,626117.5
2787000040,431524.8
3278602670,397057.4
9528100899,594724.6
1324079085,345468.94
9477001140,365895.4
9521100880,646928.06
7853210060,407880.5
1326069094,464541.53
3420069065,507389.72
5468730280,389024.66
5437600140,469846.6
5127000410,434378.88
5445300050,522809.53
3375300360,356817.2
9297800165,658071.06
6021500840,513362.53
4323700230,428081.7
643000110,412035.12
8043700105,1645370.8
6824100014,469902.25
9542830480,406661.88
736100065,872924.1
2592210510,807984.56
4233600260,984098.56
1266200015,424058.5
2787700060,442614.12
8843900396,372846.6
8029500380,507029.7
5292200010,501888.94
1773100980,379690.1
2886200070,504930.78
8594400110,468165.72
9268850180,350389.66
4141800285,1034144.1
3188100007,400293.4
1796380960,386976.7
7202330030,383456.22
8078440140,516378.12
7983200060,347229.25
4427100025,404096.88
2113700510,337193.34
6446200305,653190.4
3425079088,540734.94
3304040130,516980.94
3222069153,410029.2
5127000470,470586.06
7525100520,448266.34
1868902745,730028.44
2920700220,398326.56
1105000780,531764.75
8563080020,809700.25
3630090110,864058.94
856000195,1311460.2
8649401000,335618.2
1315300095,728578.06
6802200670,382049.1
1523069022,348671.84
2624049165,471753.25
1972202080,536344.8
7211340030,307756.66
8850000180,447214.62
2787250080,529157.7
4235401055,411109.84
5226500250,555850.25
3294700421,505814.28
322069180,753352.9
1025059186,420668.53
1923039022,629281.94
1402600110,514376.8
6817810190,365235.44
434000030,489074.03
6056110460,642454.1
4337000285,382461.78
5710610250,641928.0
1049010620,354800.16
5112800234,364012.78
2309000060,589329.3
2985800030,352504.47
1604601570,471296.47
1563102435,756617.2
257000105,390203.4
6788201440,582304.2
1442300005,486567.12
4055700784,684911.25
3889100029,604963.2
4139450760,1115498.2
6079500230,490540.94
259601010,368047.9
3980300020,316520.44
9390700100,462944.2
7200001005,377408.1
9264920250,462228.72
8682260470,418317.97
4083303815,608008.7
7383450250,458901.94
253600180,392184.47
1450000210,304807.22
1133000100,470473.7
7511000050,869340.9
5710600030,569392.8
4178300310,671170.3
3041700570,375115.44
1238500978,369987.47
431500155,530694.94
2937300050,951651.7
1352300315,377384.88
3277800823,444356.97
8895800110,911558.3
9274200318,495201.56
1118001805,1255598.8
629810720,825982.4
6852700476,537849.2
7345200650,379309.84
8929000290,424026.25
5506500170,613364.7
8899000140,394796.3
4006000423,422348.47
7137910140,382870.4
2423020010,355112.56
40000362,328070.75
1657000070,361669.97
2124700015,409401.16
1887500045,437605.3
6838000170,388680.9
1310910290,499516.97
3599600276,398357.56
8142000080,419690.2
8856971000,371978.47
624100950,770077.94
2767704332,440284.8
405100165,452900.25
6117501755,497310.6
8961950410,493943.3
1523550480,503652.53
6840701160,588218.75
3331500650,325372.5
1862400517,395709.4
9558021000,458365.88
1310800090,395273.62
5104511040,479968.84
522059189,399497.8
3448720020,428365.12
1310700330,472134.9
5649600462,380843.88
1853000510,969259.8
8128700005,391979.97
6352600210,788204.4
3754500010,773657.3
1962200475,709522.3
1773100765,373304.8
8895800200,828607.1
1310900260,546657.8
809001525,708314.6
2624049103,400744.0
9191200380,559371.8
6600060120,491828.72
8150100045,347203.6
9558010190,460839.62
4038700930,483623.88
2883200775,689034.6
4036800910,384526.9
8673400177,519129.44
7110000068,931725.0
3279000240,368200.06
9545230280,463931.44
8815400105,470173.84
6738700075,915156.3
8732030490,521668.72
9532000070,524108.72
7752400075,405905.22
3824100051,391978.34
2768000270,503333.88
108000127,561720.2
844000225,380157.28
6817850040,989051.3
4447300137,783283.6
8598900125,405800.44
5072410070,676500.56
7129300520,388368.7
3830210020,314043.53
4137040250,504658.88
3022079080,713712.8
722039087,363587.72
3924500040,658657.56
2473381090,451377.44
2201500490,340376.7
9265410090,357903.34
9286750100,480484.97
2023700040,506915.6
324000280,593307.06
3814800280,545918.0
7697100030,433849.5
8731900790,606729.6
8044700010,516018.75
6123600100,381280.4
1450100390,310135.1
579000550,431646.4
2459000020,502099.2
5016000315,486705.16
1193000190,671070.44
4038700730,475073.38
1556200265,780346.8
6600410170,322743.44
642800130,648524.5
1043000100,508322.78
7809200055,382037.16
7010700308,812717.44
8680500090,580129.44
2719100355,556917.2
7905200147,579355.94
271200130,381152.53
326049103,509394.78
8682211030,395778.62
1070000390,782920.75
8648700450,605961.9
2695600410,522581.66
8562710640,1067732.6
1525200060,550690.06
1822039138,1086725.2
2767601375,436605.22
3425069117,1431713.6
952004570,401443.88
7625702616,356526.56
9818700430,389677.2
2822059091,521723.16
1775900220,365734.44
6371000079,620261.7
293760150,1000451.94
1336800880,1048812.1
2771600550,892032.3
3905040040,450306.8
7787110060,505351.72
7708250040,519025.16
4022901316,531643.44
191100235,706235.44
7852050220,387387.72
3293700480,628025.7
2597450620,1239637.1
6169900580,1152754.9
2767602855,681848.06
810000080,798412.94
6392000625,384433.7
1865810290,304566.28
1568100380,398654.4
5249804760,413623.97
1337801060,633948.3
6181410950,458528.3
9264900660,545410.56
9122001231,544364.56
4427100030,419580.6
7334400070,376803.03
425079001,663706.8
7436500360,399352.03
1245001295,546611.25
1310500550,536900.25
4047200950,335050.3
9103000455,654959.0
2291400341,392377.62
3876100310,399916.16
7131300031,403060.78
7853380510,773672.7
7409700215,544656.56
5248800250,518846.72
126039323,439079.1
6632300207,472890.1
3826501060,419197.53
8024202520,435873.25
3343901401,694678.06
6431000005,481044.78
9232900075,361777.9
3056700150,363427.56
5104511250,649478.94
3658700510,568038.56
2895110062,459281.53
7454000990,321960.53
4038700680,672822.5
7811220070,498756.97
8091670030,464856.3
3438503045,348734.38
6388900710,518221.1
7956300020,314069.06
1775930440,522071.5
1762600190,759713.6
6600400260,366675.22
8728550150,537488.4
8155500110,535738.1
9169600135,442713.44
1777600490,669059.44
125059179,733954.3
7558700030,2366520.2
1702900624,372804.3
3343901403,530557.2
5101400994,363027.62
5547500050,380353.38
1705400350,403120.56
629810800,916914.25
4104900150,637158.9
7888000390,375222.4
4140900270,419229.84
6649900030,452328.84
820000012,537020.25
6151800080,475733.78
7454001060,341734.7
8682262330,406206.3
1566100010,385086.06
1180500070,503322.0
1112630130,573273.94
3101500090,468050.5
8682310220,478039.47
4032500035,418304.4
1623800440,383024.72
1088400190,330550.0
751000080,453215.88
6675500070,367063.94
2193340140,450666.12
522049074,428842.4
3204500340,438197.12
5104200470,573541.44
7517500611,612152.25
2946002140,421041.8
7631800110,1362105.9
3529300330,515651.25
3885801970,478297.62
5456000570,871814.75
4123810090,491063.94
4037000635,402417.4
8079030350,531196.06
1726069060,701692.56
6858700225,406942.0
3356406510,313994.0
5423030040,530850.3
3111300040,510070.34
259800060,369891.94
1972202320,421270.1
5100403818,371942.72
1422700040,399496.62
3625049014,1228754.2
7852011040,586772.75
1201500010,595990.5
7195800009,411552.44
9407001320,323947.75
9508850100,575020.75
1328340380,376614.4
3885804305,777824.3
7128300630,583246.7
7574000080,430166.38
3744000150,635584.94
2607720150,719956.8
7203190110,530781.44
3904902430,606454.4
11501160,781665.0
9209900315,413784.06
9465910030,663196.8
3622069103,742590.94
3288301010,561447.06
4395600060,680953.94
7694200380,466785.97
9552700550,500388.22
9264921110,486376.88
6738700225,997734.0
293620220,804661.9
7525300310,583491.5
3992700036,523807.28
3577300040,473127.62
3812400202,312522.47
2402100055,587037.9
1853080790,699237.5
1994200260,658225.8
1339300025,695308.2
7616200050,427386.25
4022902555,723051.94
9528102110,565002.94
6613001241,1159571.9
3205400240,355673.97
6065300840,1250564.5
7852040080,505237.34
1920079039,337098.78
2817910030,579021.6
1563102880,681942.06
8561200110,466976.1
629000605,811685.3
2781270440,324769.38
6152900273,380979.03
3303950130,513909.0
6411600113,395025.3
4055700167,806384.5
291310310,551923.0
9523100550,694484.44
724069070,822116.5
2408800120,417870.28
7559600200,552831.44
8165500790,453850.94
7856620870,803240.8
1588600040,355850.72
1023059246,535542.7
1938000140,662213.2
6061400160,425134.34
4167300350,392589.0
8649400790,314775.25
173000036,461256.28
225039049,509757.94
8043700300,1729147.5
3834000400,431052.03
4054530260,1463238.8
8724300010,879852.4
9358002232,440684.84
3298700012,334589.28
1125059071,899677.1
3885805300,344757.7
5315100784,761135.44
3861400030,555927.06
7202340010,535056.8
7272001805,443025.84
2781250230,438611.6
1042700300,730639.5
123039279,334425.94
3760500336,957532.44
6979940100,696804.0
686300880,581151.75
5214500690,493305.7
6021502250,555915.06
1320069223,390244.1
2871000300,668695.6
2724069117,360309.6
1159400220,687774.5
2571900380,430004.53
5528600050,358606.97
7686202730,348484.28
2225059118,753523.1
2558630350,419549.28
3655400060,463614.84
9558200080,384628.03
1796100015,685329.25
3378900020,428855.1
5416500040,401478.6
8856004582,342103.97
3812400107,461600.16
6126601445,470358.25
2997800021,417196.06
1211000280,360189.53
766800090,369248.34
3224079005,321574.1
619000100,472847.75
4319200620,422553.28
626059335,461324.53
3340401570,467055.4
7015200800,508726.16
8106300510,689137.75
1446110020,799283.75
2872900280,547225.1
8965500320,689296.6
7853300070,517833.44
5652601455,604914.94
7579200915,931742.44
2641400160,494170.66
203900460,397312.06
2998800040,596956.1
7519000170,492673.3
923000425,688121.6
2973800030,383343.22
6430500182,704631.2
7304301010,414248.16
3861470110,1060351.5
2296500136,799267.94
6790950150,709247.5
8123100045,565390.06
3142600130,542353.2
7137970130,534691.06
8656800190,364604.3
7135300046,433409.3
3629960680,424810.72
1133000385,900566.9
1085621960,418825.5
9542802000,368983.84
8151600973,626412.6
7019000050,478198.72
6021501920,522851.7
7399300420,366147.9
7548300731,575783.2
5316100220,738408.75
5152600090,499918.62
1703400470,451439.97
7316400070,472932.47
5561300380,556327.2
2215450100,484443.4
8635750330,597065.56
9492500140,649558.4
5315100393,534476.9
8588000315,356022.16
7524200180,397572.38
4235400255,356669.2
326069131,534993.06
4077800026,848444.4
9477000120,382217.22
5608000590,1052879.4
4137050130,500891.84
5249801440,536127.2
9264901510,477962.12
5437820250,309331.62
200500410,479678.97
9407111100,377422.4
126039252,429872.78
6141100255,409682.28
3013300830,509529.28
3271300955,768769.8
3021059276,406868.72
9542000050,615647.94
2769600035,711596.75
3824100364,472110.53
1726069202,353573.28
7327500270,362462.3
1189000207,423313.47
2472950160,369204.6
9558040050,755961.5
3438503120,416136.22
9407150240,381244.03
1370804295,514080.62
5700001100,598757.44
6837820030,697758.9
5411600210,881940.7
5061300030,399556.8
525069133,903436.0
2121000250,350590.03
3179100720,480608.28
2780700050,446394.28
1545805820,380074.28
5702380630,383447.44
9211010260,596535.7
7129300595,426854.06
6802200100,363912.72
3304030140,590029.94
2623039019,1203220.0
104500730,347015.4
2924069132,555363.56
1775500310,580541.0
8114000040,366593.66
2011400021,720036.5
7525570020,536996.06
2917200615,414368.28
7697000170,381963.22
7871500070,808998.8
7215722010,459340.75
6300000378,521831.6
7159200005,1696645.8
8946410040,439654.84
3893100327,338258.4
635000009,860103.25
2322069116,478859.84
2760200050,445676.38
3432500210,374124.16
5700000245,538941.1
7588700177,331344.4
9178600135,601534.25
9830200475,536483.6
8562780160,348625.62
9826701665,595176.4
7504010900,727478.3
2770606915,357252.22
1254200075,529255.75
2473450430,587849.2
1433290010,409170.2
7586200061,441122.12
6841700070,553902.5
9826701320,530024.4
8943600720,421702.78
6791900260,675131.3
2301400640,647354.06
7979900210,407866.62
4037200665,374195.94
984000650,450687.38
2937300060,728661.4
8731982190,469015.4
1445200190,372438.06
952003285,698727.75
1402970020,636359.3
2487700274,458465.06
8113101670,477591.1
8682300400,464498.78
809002435,622069.9
4045900147,612169.56
2991000400,474692.5
9456200405,325458.53
5104510370,387211.53
9414610240,484431.03
2111010760,572927.5
1854900430,573837.75
2624300080,779215.06
3645100280,531334.1
1433100010,399593.84
9533600100,713352.25
6743700030,486473.7
9294300070,488436.56
2114700540,396932.06
7853280550,940719.06
868000175,595504.0
1446401290,376698.66
9109000050,384398.28
8856004327,383993.47
2329800110,395005.53
3031200230,473953.16
7582700075,928968.0
2422049104,337164.78
9274202885,507968.66
1770000090,435115.47
9500900430,349240.3
7305900082,380416.0
3336000170,597134.1
5680000455,673661.9
9808630210,751671.4
8807810110,378152.3
3824100211,462053.0
3423059153,708395.75
3937900120,396786.6
524059323,538527.56
4305600250,557630.7
1257201375,435241.3
853600150,1189378.9
2424059174,1232155.9
5205000400,477632.75
2658000115,380515.75
3055800020,415542.3
357000025,650873.7
5666300010,407206.7
4167700210,473654.62
9187200275,800288.5
2960900040,442837.88
1021049022,372878.28
7750500120,363303.9
7153200160,1070229.1
4406000390,345663.97
629800380,1208477.9
2026049125,387595.16
6117502230,1944698.5
3379100130,397172.2
2472920140,639609.0
7214720075,546355.4
1771110070,363415.1
5127001600,381803.94
6666860210,486750.97
5467200055,588819.3
7819000040,393812.75
3790700070,445548.8
6362900138,374483.2
597000593,434335.38
8032700070,494899.9
9301300215,844085.0
8902500118,424530.0
6607000095,471126.38
2163900081,601576.0
7732500270,704002.6
3856903515,554198.25
2557000400,484490.5
4386700135,1196580.5
7399000360,480690.1
